content,sentiment
reason for being,Positive
abound,Positive
abounding,Positive
abounds abundant,Positive
abracadabra,Positive
absolute,Positive
absolutely,Positive
absorbed,Positive
abundance,Positive
abundant gratification,Positive
acaronar,Positive
accentuactivity,Positive
accept,Positive
acceptable,Positive
acceptance,Positive
accepted,Positive
accepting,Positive
accessible,Positive
acclaim,Positive
acclaimed,Positive
acclamation,Positive
accolade,Positive
accommodate,Positive
accommodated,Positive
accommodating,Positive
accommodation,Positive
accommodative,Positive
accomplish,Positive
accomplished,Positive
accomplishment,Positive
accomplishments,Positive
accountability,Positive
accuracy,Positive
accurate,Positive
accurately,Positive
achievable,Positive
achieve,Positive
achievement,Positive
achievements,Positive
acknowledgement,Positive
actability,Positive
action,Positive
action for happiness,Positive
activate,Positive
active,Positive
active and constructive steps,Positive
acts kindness,Positive
acumen,Positive
adaptability,Positive
adaptable,Positive
adaptive,Positive
add,Positive
addition,Positive
adequate,Positive
adjustable,Positive
admirable,Positive
admirably,Positive
admiration,Positive
admire,Positive
admired,Positive
admirer,Positive
admiring,Positive
admiringly,Positive
adorable,Positive
adore,Positive
adored,Positive
adorer,Positive
adoring,Positive
adoringly,Positive
adroit,Positive
adroitly,Positive
adulated,Positive
adulation,Positive
adulatory,Positive
advanced,Positive
advantage,Positive
advantageous,Positive
advantageously,Positive
advantages,Positive
adventure,Positive
adventuresome,Positive
adventurous,Positive
advocated,Positive
affability,Positive
affable,Positive
affably,Positive
affection,Positive
affectionate,Positive
affinity,Positive
affirm,Positive
affirmation,Positive
affirmative,Positive
affluence,Positive
affluent,Positive
afford,Positive
affordable,Positive
affordably,Positive
ageless,Positive
agile,Positive
agilely,Positive
agility,Positive
agree,Positive
agreeable,Positive
agreeableness,Positive
agreeably,Positive
aid,Positive
aim,Positive
air,Positive
airness,Positive
alacrity,Positive
alert,Positive
alertness,Positive
aligned,Positive
alive,Positive
aliveness,Positive
all well,Positive
allow,Positive
allowing,Positive
allure,Positive
alluring,Positive
alluringly,Positive
aloha,Positive
alternative healing,Positive
altitudinarian,Positive
altrucause,Positive
altruism,Positive
altruistic,Positive
altruistically,Positive
amaze,Positive
amazed,Positive
amazement,Positive
amazes,Positive
amazing,Positive
amazing words,Positive
amazingly,Positive
ambition,Positive
ambitious,Positive
ambitiously,Positive
ameliorate,Positive
amenity,Positive
amiability,Positive
amiable,Positive
amiably,Positive
amicability,Positive
amicable,Positive
amicably,Positive
amin,Positive
amity,Positive
ample,Positive
amply,Positive
amuse,Positive
amused,Positive
amusing,Positive
amusingly,Positive
angel,Positive
angelic,Positive
animate,Positive
animated,Positive
animateness,Positive
animating,Positive
animation,Positive
anticipation,Positive
apotheosis,Positive
appeal,Positive
appealing,Positive
applaud,Positive
appreciable,Positive
appreciate,Positive
appreciated,Positive
appreciates,Positive
appreciation,Positive
appreciation beauty,Positive
appreciative,Positive
appreciative joy,Positive
appreciatively,Positive
appreciativeness,Positive
appropriate,Positive
approval,Positive
approve,Positive
ardent,Positive
ardor,Positive
aroused,Positive
art appreciation,Positive
art stillness,Positive
art wellbeing,Positive
assertive,Positive
assertiveness,Positive
assume your own value,Positive
assurance,Positive
astonished,Positive
astonishing,Positive
astonishingly,Positive
astonishment,Positive
astounding,Positive
astronomical,Positive
attentiveness,Positive
attraction,Positive
attractive,Positive
attributional style questionnaire asq,Positive
audacity,Positive
authentic,Positive
authentic happiness,Positive
authenticity,Positive
awaken,Positive
awakening,Positive
aware,Positive
awareness,Positive
awe,Positive
awed,Positive
awesome,Positive
awesomeness,Positive
badassery,Positive
balance,Positive
balanced,Positive
balistic,Positive
extraordinary,Positive
happy,Positive
beatify,Positive
beatitude,Positive
beautiful,Positive
beautifully,Positive
beautify,Positive
beauty,Positive
beauty all things,Positive
being rest,Positive
beingness,Positive
believable,Positive
belong,Positive
belonging,Positive
beloved,Positive
benefactor,Positive
beneficial,Positive
benefit,Positive
benefits,Positive
benevolence,Positive
benevolent,Positive
benevolently,Positive
benevolently cheerful state mind,Positive
best,Positive
bestselling,Positive
best all possible worlds,Positive
better,Positive
betterknown,Positive
betterthanexpected,Positive
better and better,Positive
beyond,Positive
beyond fabulous,Positive
beyond thank you,Positive
big vision,Positive
biophilia,Positive
blasting,Positive
blazing,Positive
bless,Positive
blessed,Positive
blessing,Positive
blinding,Positive
bliss,Positive
bliss tap,Positive
blisscipline,Positive
blissful,Positive
blissfulness,Positive
blithesome,Positive
bloodbrothers,Positive
bloom,Positive
blossom,Positive
blossoming,Positive
bohemian soul,Positive
bohosoul,Positive
boldness,Positive
bonus,Positive
bravery,Positive
breathtaking,Positive
breeziness,Positive
bright,Positive
brightness,Positive
brilliance,Positive
brilliant,Positive
brio,Positive
briskness,Positive
bubbling,Positive
bullishness,Positive
buoyancy,Positive
busting,Positive
buyancy,Positive
calm,Positive
candor,Positive
capability,Positive
capable,Positive
capably,Positive
capital,Positive
care,Positive
carefree,Positive
carefreeness,Positive
carefulness,Positive
caress,Positive
caring,Positive
celebrate,Positive
celebration,Positive
centered,Positive
centering,Positive
centering meditation,Positive
certain,Positive
certainty,Positive
chakra,Positive
challenge,Positive
champ,Positive
champion,Positive
change,Positive
charisma,Positive
charismatic,Positive
charitable,Positive
charity,Positive
charm,Positive
charmer,Positive
charming,Positive
cheerful,Positive
cheerful mood,Positive
cheerful willingness,Positive
cheerfulness,Positive
cheers,Positive
choice,Positive
citizen mastery,Positive
clarity,Positive
clean,Positive
cleanliness,Positive
clear,Positive
clear headed,Positive
closeness,Positive
cocreating,Positive
cocreator,Positive
cohesion,Positive
collaboration,Positive
collected,Positive
comfort,Positive
comfortable,Positive
comforting,Positive
commitment,Positive
communication,Positive
communion,Positive
community,Positive
companionship,Positive
compassion,Positive
compassionate,Positive
competence,Positive
competency,Positive
competent,Positive
complimentary words,Positive
concentration,Positive
confidence,Positive
confident,Positive
congruence,Positive
connect,Positive
connected,Positive
connectedness,Positive
connection,Positive
conquer,Positive
consciousness,Positive
considerate,Positive
consideration,Positive
consistency,Positive
consistent,Positive
content,Positive
contented,Positive
contentment,Positive
continual stream synchronicity,Positive
continuity,Positive
continuous,Positive
contribution,Positive
conviction,Positive
convincing,Positive
cool,Positive
cooperation,Positive
cordial,Positive
corking,Positive
courage,Positive
courteous,Positive
courtesy,Positive
coziness,Positive
crank,Positive
create,Positive
creative,Positive
creative process,Positive
creativeness,Positive
creativity,Positive
cuddle,Positive
cuddling,Positive
curiosity,Positive
curious,Positive
cute,Positive
cuteness,Positive
daimon,Positive
dandy,Positive
daring,Positive
dauwtrappen,Positive
dazzle,Positive
dazzled,Positive
debonair,Positive
decent,Positive
decisiveness,Positive
dedicated,Positive
deeper part you,Positive
defencelessness,Positive
delicate,Positive
delicious,Positive
deliciousness,Positive
delight,Positive
delighted,Positive
delightful,Positive
delightfully,Positive
dependability,Positive
deserve,Positive
deservedness,Positive
deservingness,Positive
desirable,Positive
desire,Positive
detachment,Positive
determination,Positive
devoted,Positive
devotion,Positive
dignity,Positive
diligence,Positive
direction,Positive
disidentify,Positive
discipline,Positive
discovery,Positive
discretion,Positive
disney,Positive
diversity,Positive
divine,Positive
,Positive
dope,Positive
dope chill out,Positive
dream,Positive
dreamy,Positive
drive,Positive
duty,Positive
dynamic,Positive
eager,Positive
eagerness,Positive
earnest,Positive
ease,Positive
easeofmind,Positive
easier,Positive
easily,Positive
easy,Positive
easy approach,Positive
easy talk,Positive
ebullience,Positive
ecosophy,Positive
ecstatic,Positive
ecstatify,Positive
educate,Positive
educated,Positive
education,Positive
effectiveness,Positive
efficacy,Positive
efficiency,Positive
efficient,Positive
effortless ease,Positive
effortlessly,Positive
effortlessness,Positive
ekaggata,Positive
elated,Positive
elation,Positive
electric,Positive
elegance,Positive
elevate,Positive
elevated,Positive
embody the love,Positive
embrace,Positive
empathize,Positive
empathy,Positive
emphatic,Positive
empower,Positive
empowered,Positive
empowering,Positive
empowering words,Positive
emulate,Positive
enable,Positive
enabled,Positive
enchanted,Positive
encourage,Positive
encouraged,Positive
encouragement,Positive
encouraging words,Positive
endurance,Positive
energetic,Positive
energize,Positive
energy,Positive
engage,Positive
engaged,Positive
engaging,Positive
engrossed,Positive
enjoy,Positive
enjoyment,Positive
enlightenment,Positive
enlivened,Positive
enormous,Positive
enough,Positive
enthralled,Positive
enthusiasm,Positive
enthusiastic,Positive
entranced,Positive
equality,Positive
equanimity,Positive
equanimous,Positive
equitable,Positive
equitably,Positive
equity,Positive
erlebnis,Positive
eternal,Positive
eudaemonism,Positive
eudaemonist,Positive
eudaemonistic,Positive
eudaimonia,Positive
eudamonia,Positive
eunoia,Positive
evolve,Positive
exaltation,Positive
exalting,Positive
excellence,Positive
excellent,Positive
exceptional,Positive
excite,Positive
excited,Positive
excited anticipation,Positive
excitement,Positive
exciting,Positive
exemplary,Positive
exhilarating,Positive
expansive,Positive
expectant,Positive
experience,Positive
expertise,Positive
exploration,Positive
expressing,Positive
expressiveness,Positive
exquisite,Positive
exstatisfy,Positive
extra,Positive
exuberance,Positive
exuberant,Positive
exultant,Positive
fabulous,Positive
fair,Positive
fairness,Positive
faith,Positive
faithful,Positive
fame,Positive
family,Positive
famous,Positive
fancy,Positive
fantabulous,Positive
fantastic,Positive
fascinate,Positive
fascinated,Positive
favorite,Positive
fearless,Positive
feasible,Positive
feel good,Positive
feeling good,Positive
feistiness,Positive
feisty,Positive
festive,Positive
festiveness,Positive
fidelity,Positive
fine,Positive
fit,Positive
flashy,Positive
flaunting,Positive
flawless,Positive
flawlessly,Positive
flexibility,Positive
flourish,Positive
flourishing,Positive
flow,Positive
flowing,Positive
focus,Positive
fondle,Positive
food,Positive
forgive,Positive
forgiveness,Positive
forgiving,Positive
fortitude,Positive
fortuitous,Positive
free,Positive
freecycle,Positive
freedom,Positive
frictionlessly,Positive
friend,Positive
friendliness,Positive
friendly,Positive
friendship,Positive
frugality,Positive
ftw,Positive
fulfill,Positive
fulfilled,Positive
fun,Positive
funerific,Positive
funny jokes,Positive
funology,Positive
future,Positive
gamechanger,Positive
gargantuan,Positive
gemutlichkeit,Positive
generate,Positive
generator life,Positive
generavity,Positive
generosity,Positive
generous,Positive
genial,Positive
genius,Positive
gentleman,Positive
genuine,Positive
gibigiana,Positive
giddy,Positive
gift,Positive
giggling,Positive
gigil,Positive
ginger,Positive
give,Positive
giving,Positive
glad,Positive
glamor,Positive
glory,Positive
glow,Positive
god,Positive
goddess,Positive
godliness,Positive
going the extra mile,Positive
good,Positive
goodfeeling,Positive
goodhumored,Positive
good fortune,Positive
good health,Positive
good indwelling spirit,Positive
good word,Positive
good words,Positive
goodness,Positive
goodwill,Positive
gorgeous,Positive
gorgeousness,Positive
grace,Positive
gracefully,Positive
graciousness,Positive
grand,Positive
grandiosity,Positive
gratefulness,Positive
gratitude,Positive
great,Positive
greatful,Positive
groovy,Positive
grounded,Positive
grow,Positive
growth,Positive
guidance,Positive
guide,Positive
guiding,Positive
gypsy soul,Positive
halo,Positive
handsome,Positive
happily,Positive
happiness,Positive
happy hearted,Positive
happy words,Positive
harmonious,Positive
harmonize,Positive
harmony,Positive
harness,Positive
health,Positive
healthy,Positive
heart,Positive
heartopening,Positive
heartfelt,Positive
heartwarming,Positive
heaven,Positive
heavenly,Positive
heedful,Positive
heightened,Positive
hello,Positive
help,Positive
helpful,Positive
helpfulness,Positive
helping,Positive
hero,Positive
heroism,Positive
highspiritedness,Positive
highly distinguished,Positive
holiness,Positive
holistic,Positive
holy,Positive
holy spirit,Positive
honest,Positive
honesty,Positive
honor,Positive
hope,Positive
hopefulness,Positive
hospitable,Positive
hospitality,Positive
hot,Positive
huge,Positive
human,Positive
human flourishing,Positive
humble,Positive
humor,Positive
ichariba chode,Positive
idea,Positive
idealism,Positive
ikigai,Positive
illuminated,Positive
illumination,Positive
illustrious,Positive
imagination,Positive
improvement,Positive
inlove,Positive
inclusion,Positive
incomparable,Positive
incredible,Positive
incredible cuteness,Positive
independence,Positive
indwelling,Positive
ineffable,Positive
infinite,Positive
influence,Positive
ingenuity,Positive
inner,Positive
inner peace,Positive
inner spirit,Positive
innocent,Positive
innovate,Positive
innovation,Positive
inquisitive,Positive
insight,Positive
insightful,Positive
insightfulness,Positive
inspiration,Positive
inspirational,Positive
inspirational words,Positive
inspire,Positive
inspired,Positive
inspiring word,Positive
inspiring words,Positive
integrity,Positive
intelligence,Positive
intelligent,Positive
intensity,Positive
intention,Positive
interconnected,Positive
interconnectivity,Positive
interest,Positive
interested,Positive
interesting,Positive
intimacy,Positive
intrepid,Positive
intrigued,Positive
intuition,Positive
intuitiveness,Positive
inventiveness,Positive
investing,Positive
invigorate,Positive
invigorated,Positive
invincible,Positive
involve,Positive
involved,Positive
iridescent,Positive
jammin,Positive
joke,Positive
jolly,Positive
jovial,Positive
joy,Positive
joyful,Positive
joyous,Positive
jubilant,Positive
jubilingo,Positive
jumpy,Positive
just,Positive
justice,Positive
juvenescent,Positive
kaajhuab,Positive
kalon,Positive
keen,Positive
keepup,Positive
kilig,Positive
kindheart,Positive
kind,Positive
kind words,Positive
kindly,Positive
kindness,Positive
kiss,Positive
kittens,Positive
knowledge,Positive
koibito kibun,Positive
laugh,Positive
laughing,Positive
leader,Positive
leadership,Positive
leading,Positive
learn,Positive
learning,Positive
leeway,Positive
let,Positive
letting,Positive
liberty,Positive
life,Positive
life the party,Positive
light,Positive
lighthearted,Positive
light fog,Positive
lightworker,Positive
like,Positive
live,Positive
liveliness,Positive
lively,Positive
lives through,Positive
living,Positive
logic,Positive
longevity,Positive
lovable,Positive
love,Positive
love fulfilled,Positive
love words,Positive
lovely,Positive
lover beauty,Positive
loving,Positive
lovingkindness,Positive
loving acceptance,Positive
loving feelings,Positive
loyal,Positive
loyalty,Positive
luck,Positive
lucky,Positive
lustrous,Positive
lustrous colors,Positive
luxury,Positive
magic,Positive
magnetic love,Positive
magnificent,Positive
majesty,Positive
major,Positive
making difference,Positive
many,Positive
marvelous,Positive
mastery,Positive
maturity,Positive
meaning,Positive
meaningful,Positive
meaningful words,Positive
meditation,Positive
meliorism,Positive
mellow,Positive
memorable,Positive
mench,Positive
mercy,Positive
merit,Positive
mild,Positive
mindblowing,Positive
mindful,Positive
mindfulness,Positive
mindsight,Positive
miracle,Positive
mirthful,Positive
modesty,Positive
more,Positive
morphing,Positive
motivate,Positive
motivated words,Positive
motivating words,Positive
motivation,Positive
motivational,Positive
motivational words,Positive
mourning,Positive
moved,Positive
movement,Positive
moving,Positive
mutuality,Positive
myriad,Positive
namaste,Positive
naturemade,Positive
neat,Positive
neoteny,Positive
new,Positive
nice,Positive
nice words,Positive
nirvana,Positive
noble,Positive
nonresistance,Positive
nonresistant,Positive
nourish,Positive
nourished,Positive
nourishing,Positive
nourishment,Positive
novaturient,Positive
nurture,Positive
nurturing,Positive
obedient,Positive
mani padme hum,Positive
omg,Positive
onepointedness,Positive
oneness,Positive
onwards,Positive
openminded,Positive
open,Positive
open hearted,Positive
opening,Positive
openly,Positive
openness,Positive
opportunity,Positive
optimism,Positive
optimist,Positive
optimistic,Positive
order,Positive
orenda,Positive
organization,Positive
orientation,Positive
original,Positive
originality,Positive
outcome,Positive
outernationalist,Positive
outgoing,Positive
outstanding,Positive
overcome,Positive
overly optimistic,Positive
owning your power,Positive
pacify,Positive
paradise,Positive
paradisiac,Positive
pardon,Positive
participation,Positive
passion,Positive
passionate,Positive
patience,Positive
peace,Positive
peace mind,Positive
peaceful words,Positive
pep,Positive
peppiness,Positive
perceptiveness,Positive
perfect,Positive
perfection,Positive
perkiness,Positive
permalicious,Positive
perseverance,Positive
persistence,Positive
personal growth,Positive
petrichor,Positive
philocalist,Positive
pickmeup,Positive
pious,Positive
piquancy,Positive
play,Positive
playful,Positive
playfulness,Positive
please,Positive
pleased,Positive
pleasure,Positive
plucky,Positive
polite,Positive
politeness,Positive
pollyannaism,Positive
posichoice,Positive
posidriving,Positive
posifit,Positive
posilenz,Positive
posimass,Positive
posiminder,Positive
posiratio,Positive
posiripple,Positive
posirippler,Positive
posiripples,Positive
posisinger,Positive
posisite,Positive
posistrength,Positive
positibilitarian,Positive
Positive attitude,Positive
Positive beliefs,Positive
Positive circumstances,Positive
Positive emotions,Positive
Positive energy,Positive
Positive events,Positive
Positive feelings,Positive
Positive mind,Positive
Positive thinking,Positive
Positive thoughts,Positive
Positive vocabulary,Positive
Positive words,Positive
positraction,Positive
positude,Positive
posivalues,Positive
posiword,Positive
possibilitarian,Positive
pour your love,Positive
poweron,Positive
powerup,Positive
power,Positive
power words,Positive
powerful,Positive
powerful Positive words,Positive
powerful possibility,Positive
powerful words,Positive
practicality,Positive
precious,Positive
precision,Positive
preparedness,Positive
presence,Positive
preservation,Positive
pretty,Positive
priceless,Positive
pride,Positive
privacy,Positive
privilege,Positive
proactive,Positive
proactivity,Positive
progress,Positive
promptness,Positive
pronia,Positive
propitious,Positive
prosperity prosperous,Positive
protect,Positive
proto,Positive
proud,Positive
punctual,Positive
punctuality,Positive
puppies,Positive
pure,Positive
purpose,Positive
quaint,Positive
quality,Positive
quality words,Positive
queenly,Positive
quickening,Positive
quiddity,Positive
quiescent,Positive
quiescent mind,Positive
quiet,Positive
quietness,Positive
radiant,Positive
radiate,Positive
rainbow,Positive
rapture,Positive
rapturous,Positive
rasasvada,Positive
rationality,Positive
readiness,Positive
ready,Positive
real,Positive
reality,Positive
reason,Positive
reborn,Positive
recognition,Positive
recognize,Positive
recommend,Positive
refresh,Positive
refreshed,Positive
rejuvenate,Positive
rejuvenated,Positive
relatedness,Positive
relationships,Positive
relax,Positive
relaxed,Positive
releasing,Positive
relent,Positive
reliability,Positive
reliable,Positive
relief,Positive
relieve,Positive
relieved,Positive
religion,Positive
remarkable,Positive
renew,Positive
renewed,Positive
renowned,Positive
repose,Positive
resilience,Positive
resilient,Positive
resourcefulness,Positive
respect,Positive
respected,Positive
responsibility,Positive
rest,Positive
rested,Positive
restore,Positive
restored,Positive
revelation,Positive
reverence,Positive
revived,Positive
righteousness,Positive
rightful,Positive
ripe,Positive
risktaking,Positive
romance,Positive
romantic,Positive
rosiness,Positive
sacred,Positive
sacred space,Positive
safe,Positive
safety,Positive
salvation,Positive
satisfied,Positive
save,Positive
savings,Positive
savour,Positive
savouring,Positive
scope,Positive
secure,Positive
secured,Positive
security,Positive
selfcompassion,Positive
selfesteem,Positive
selfexpression,Positive
selfforgiveness,Positive
selfkindness,Positive
selflove,Positive
selfrespect,Positive
selflessness,Positive
serendipity,Positive
serene,Positive
serenity,Positive
serve,Positive
service,Positive
sexiness,Positive
sexual expression,Positive
sexy,Positive
shapeshifting virtuoso,Positive
shelter,Positive
shift focus,Positive
shine,Positive
shining,Positive
show more present,Positive
simple,Positive
simplicity,Positive
simplify,Positive
sincerity,Positive
skill,Positive
skilled,Positive
sleep,Positive
smart,Positive
smile,Positive
smiling,Positive
soulstretching,Positive
soul,Positive
soulful,Positive
soulmate,Positive
space,Positive
spacious,Positive
spark,Positive
sparkle,Positive
sparkles,Positive
special,Positive
spectacular,Positive
spellbound,Positive
spirit,Positive
splendid,Positive
spontaneity,Positive
spontaneous,Positive
spunky,Positive
stability,Positive
start,Positive
steadfastness,Positive
stellar,Positive
still,Positive
stimulated,Positive
stimulating,Positive
stimulation,Positive
strength,Positive
strive,Positive
strong words,Positive
studious,Positive
study,Positive
stupendous,Positive
style,Positive
sublime,Positive
succulent,Positive
sufficient,Positive
sunniness,Positive
sunshine,Positive
supercharge,Positive
supercharged,Positive
superpower,Positive
support,Positive
supported,Positive
supporting,Positive
supreme,Positive
surprised,Positive
sustain,Positive
sustained,Positive
swag,Positive
swaggy,Positive
sweet,Positive
sweetheart,Positive
sweetness,Positive
sympathetic,Positive
symptoms greatness,Positive
synchronicity,Positive
synergy,Positive
systematization,Positive
tact,Positive
teach,Positive
teachable,Positive
team,Positive
teamwork,Positive
temul,Positive
tenacity,Positive
tender,Positive
tenderly,Positive
thankyou,Positive
thank,Positive
thankful,Positive
thankfulness,Positive
therapy,Positive
thrilled,Positive
thrive,Positive
thriving,Positive
tickled,Positive
tidsoptimist,Positive
time,Positive
time optimist,Positive
timeliness,Positive
known,Positive
seen,Positive
know,Positive
matter,Positive
tolerance,Positive
touch,Positive
touched,Positive
tradition,Positive
tranquil,Positive
tranquility,Positive
transform,Positive
transformation,Positive
transformative,Positive
transparent,Positive
triumph,Positive
TRUE,Positive
trust,Positive
trusting,Positive
truth,Positive
truthfulness,Positive
ubuntu,Positive
ultimate,Positive
unabashed,Positive
unabashed pleasure,Positive
unbearably cute,Positive
unbelievable,Positive
unconditional,Positive
understand,Positive
understanding,Positive
understood,Positive
unflappable,Positive
unhurry,Positive
unification,Positive
unification mind,Positive
unique,Positive
unity,Positive
unreal,Positive
upleveled,Positive
upgrade,Positive
uplift,Positive
upskill,Positive
useful,Positive
userfriendly,Positive
utter amazement,Positive
valid,Positive
valuable,Positive
value,Positive
values,Positive
variety,Positive
veneration,Positive
verify,Positive
versatility,Positive
very,Positive
viable,Positive
vibrant,Positive
victorious,Positive
victory,Positive
vigor,Positive
vim,Positive
virtue,Positive
virtuous,Positive
vitality,Positive
vocabuleverage,Positive
vow,Positive
vulnerability,Positive
vulnerable,Positive
walwalun,Positive
warm,Positive
warmth,Positive
water,Positive
wealth,Positive
web relatedness,Positive
welcome,Positive
welfare,Positive
well,Positive
wellbeing,Positive
wellness,Positive
whole,Positive
wholeheartedly,Positive
wholeheartedness,Positive
will willing,Positive
willing learn,Positive
willingness,Positive
win,Positive
winnable,Positive
winning,Positive
wisdom,Positive
wise,Positive
won,Positive
wonder,Positive
wonderworking,Positive
wonderful,Positive
wondrous,Positive
worldbuilder,Positive
worth,Positive
worthiness,Positive
worthiness take space,Positive
worthy,Positive
wow,Positive
xray vision,Positive
xenial,Positive
xenodochial,Positive
xenophile,Positive
xfactor,Positive
yaraana,Positive
yay,Positive
yea,Positive
yeah,Positive
yearn,Positive
yen,Positive
yes,Positive
yesability,Positive
yesable,Positive
yippee,Positive
you are loved,Positive
young,Positive
young atheart,Positive
your true value,Positive
youth,Positive
youthful,Positive
yugen,Positive
yummy,Positive
zany,Positive
zappy,Positive
zeal,Positive
zealous,Positive
zest,Positive
zest for life,Positive
zestful,Positive
zesty,Positive
zing,Positive
zippy,Positive
able,Positive
inf,Positive
infinity,Positive
abiding,Positive
abounds,Positive
absorbing,Positive
abstinence,Positive
abundant,Positive
accelerate,Positive
accessable,Positive
accolades,Positive
accomodative,Positive
accountable,Positive
ace,Positive
achievible,Positive
achieving,Positive
acknowledging,Positive
acquiescent,Positive
activist,Positive
adjust,Positive
adopt,Positive
adulate,Positive
advocate,Positive
advocates,Positive
affectation,Positive
affirming,Positive
afordable,Positive
aglow,Positive
airy,Positive
allaround,Positive
alliance,Positive
alter,Positive
amenable,Positive
amiabily,Positive
amorous,Positive
answer,Positive
apologetic,Positive
approachable,Positive
approving,Positive
aptitude,Positive
ardently,Positive
aroma,Positive
articulate,Positive
artistic,Positive
aspiration,Positive
aspirations,Positive
aspire,Positive
aspiring,Positive
assisting,Positive
assurances,Positive
assure,Positive
assured,Positive
assuredly,Positive
assuring,Positive
astonish,Positive
astound,Positive
astounded,Positive
astoundingly,Positive
astute,Positive
astutely,Positive
athletic,Positive
attacks,Positive
attentive,Positive
attractively,Positive
attune,Positive
audible,Positive
audibly,Positive
auspicious,Positive
authoritative,Positive
autonomous,Positive
available,Positive
aver,Positive
avid,Positive
avidly,Positive
awake,Positive
award,Positive
awarded,Positive
awards,Positive
awesomely,Positive
awestruck,Positive
awsome,Positive
backbone,Positive
bargain,Positive
basic,Positive
beaming,Positive
beats,Positive
beauteous,Positive
beautifullly,Positive
beckon,Positive
beckoned,Positive
beckoning,Positive
beckons,Positive
believe,Positive
believeable,Positive
believing,Positive
beneficent,Positive
beneficially,Positive
beneficiary,Positive
benfits,Positive
benifits,Positive
benign,Positive
bestknown,Positive
bestperforming,Positive
bestowing,Positive
beutifully,Positive
bid for,Positive
bighearted,Positive
bits,Positive
blameless,Positive
blissfully,Positive
blithe,Positive
blockbuster,Positive
bold,Positive
bolster,Positive
bonny,Positive
bonuses,Positive
boom,Positive
booming,Positive
boost,Positive
bounce,Positive
boundaries,Positive
boundless,Positive
bountiful,Positive
bounty,Positive
brainiest,Positive
brainy,Positive
brandnew,Positive
brave,Positive
bravo,Positive
breakthrough,Positive
breakthroughs,Positive
breathlessness,Positive
breathtakingly,Positive
breeze,Positive
breezy,Positive
brief,Positive
brighten,Positive
brighter,Positive
brightest,Positive
brilliances,Positive
brilliantly,Positive
brimming,Positive
brisk,Positive
brotherly,Positive
bubbly,Positive
bullish,Positive
bunch,Positive
buoyant,Positive
burgeon,Positive
buy,Positive
cajole,Positive
calming,Positive
calmness,Positive
candid,Positive
captivate,Positive
captivating,Positive
careful,Positive
cashback,Positive
cashbacks,Positive
casual,Positive
catchy,Positive
caution,Positive
celebrated,Positive
celebratory,Positive
cerebral,Positive
character,Positive
charmingly,Positive
chaste,Positive
chatty,Positive
cheaper,Positive
cheapest,Positive
cheeky,Positive
cheer,Positive
cheery,Positive
cherish,Positive
cherished,Positive
cherub,Positive
chic,Positive
chivalrous,Positive
chivalry,Positive
civil,Positive
civility,Positive
civilize,Positive
classic,Positive
classy,Positive
cleaner,Positive
cleanest,Positive
cleanly,Positive
clearcut,Positive
cleared,Positive
clearer,Positive
clearheaded,Positive
clearly,Positive
clears,Positive
clever,Positive
cleverly,Positive
clinches,Positive
cooperative,Positive
cognizant,Positive
cohere,Positive
coherence,Positive
coherent,Positive
cohesive,Positive
colorful,Positive
comedic,Positive
comely,Positive
comfortably,Positive
comfy,Positive
commend,Positive
commendable,Positive
commendably,Positive
committed,Positive
commodious,Positive
compact,Positive
compactly,Positive
companionable,Positive
compatible,Positive
compelling,Positive
competitive,Positive
complement,Positive
complementary,Positive
complemented,Positive
complements,Positive
complete,Positive
complex,Positive
compliant,Positive
compliment,Positive
complimentary,Positive
composed,Positive
comprehensive,Positive
comradeship,Positive
concerned,Positive
conciliate,Positive
conciliatory,Positive
concise,Positive
confirming,Positive
congenial,Positive
congratulate,Positive
congratulation,Positive
congratulations,Positive
congratulatory,Positive
connoisseur,Positive
conscientious,Positive
conscious,Positive
consistently,Positive
consoling,Positive
constant,Positive
constructive,Positive
consummate,Positive
contemplative,Positive
contrasty,Positive
contributing,Positive
controlled,Positive
convenience,Positive
convenient,Positive
conveniently,Positive
convience,Positive
convienient,Positive
convient,Positive
convincingly,Positive
convivial,Positive
convulsive,Positive
coolest,Positive
cooperatively,Positive
copious,Positive
core,Positive
cornerstone,Positive
correct,Positive
correctly,Positive
costeffective,Positive
costsaving,Positive
counterattack,Positive
counterattacks,Positive
coupled,Positive
courageous,Positive
courageously,Positive
courageousness,Positive
courtly,Positive
covenant,Positive
coy,Positive
cozy,Positive
creamy,Positive
credence,Positive
credible,Positive
crisp,Positive
crisper,Positive
cuddly,Positive
cultivate,Positive
cultured,Positive
cure,Positive
cureall,Positive
cushy,Positive
danke,Positive
danken,Positive
daringly,Positive
darling,Positive
dashing,Positive
dauntless,Positive
dawn,Positive
dazzling,Positive
deadcheap,Positive
deadon,Positive
decency,Positive
decisive,Positive
decorous,Positive
deep,Positive
defeat,Positive
defeated,Positive
defeating,Positive
defeats,Positive
defender,Positive
deference,Positive
defined,Positive
deft,Positive
deginified,Positive
delectable,Positive
deliberate,Positive
delicacy,Positive
delightfulness,Positive
deliver,Positive
deluxe,Positive
demand,Positive
democratic,Positive
dependable,Positive
dependably,Positive
deservedly,Positive
deserving,Positive
desiring,Positive
desirous,Positive
destiny,Positive
detachable,Positive
detached,Positive
detailed,Positive
determined,Positive
devout,Positive
dexterous,Positive
dexterously,Positive
dextrous,Positive
diamond,Positive
difference,Positive
dignified,Positive
dignify,Positive
diligent,Positive
diligently,Positive
dimple,Positive
diplomatic,Positive
direct,Positive
dirtcheap,Positive
disarming,Positive
discerning,Positive
disciplined,Positive
discover,Positive
discreet,Positive
discriminating,Positive
distinction,Positive
distinctive,Positive
distinguished,Positive
diversified,Positive
divinely,Positive
dominate,Positive
dominated,Positive
dominates,Positive
donate,Positive
donates,Positive
dote,Positive
dotingly,Positive
doubles,Positive
doubtless,Positive
dreamland,Positive
drool,Positive
dumbfounded,Positive
dumbfounding,Positive
dummyproof,Positive
durable,Positive
dutiful,Positive
eagerly,Positive
earnestly,Positive
earnestness,Positive
eased,Positive
eases,Positive
easiest,Positive
easiness,Positive
easing,Positive
easygoing,Positive
easytouse,Positive
ebullient,Positive
ebulliently,Positive
ecenomical,Positive
economical,Positive
economy,Positive
ecstasies,Positive
ecstasy,Positive
ecstatically,Positive
edify,Positive
effective,Positive
effectively,Positive
effectual,Positive
effervescent,Positive
efficacious,Positive
efficiently,Positive
effortless,Positive
effusion,Positive
effusive,Positive
effusively,Positive
effusiveness,Positive
elan,Positive
elate,Positive
elatedly,Positive
electrify,Positive
electrifying,Positive
elegant,Positive
elegantly,Positive
elite,Positive
eloquence,Positive
eloquent,Positive
eloquently,Positive
embolden,Positive
embraces,Positive
eminence,Positive
eminent,Positive
empathetic,Positive
empowerment,Positive
enchant,Positive
enchanting,Positive
enchantingly,Positive
encompassing,Positive
encouraging,Positive
encouragingly,Positive
endear,Positive
endearing,Positive
endless,Positive
endorse,Positive
endorsed,Positive
endorsement,Positive
endorses,Positive
endorsing,Positive
endurable,Positive
energized,Positive
energyefficient,Positive
energysaving,Positive
engrossing,Positive
enhance,Positive
enhanced,Positive
enhancement,Positive
enhances,Positive
enjoyable,Positive
enjoyably,Positive
enjoyed,Positive
enjoying,Positive
enjoys,Positive
enkindled,Positive
enlighten,Positive
enlightened,Positive
enliven,Positive
ennoble,Positive
enormously,Positive
enrapt,Positive
enrapture,Positive
enraptured,Positive
enrich,Positive
enriched,Positive
enrichment,Positive
ensure,Positive
enterprising,Positive
entertain,Positive
entertaining,Positive
entertains,Positive
enthral,Positive
enthrall,Positive
enthuse,Positive
enthusiast,Positive
enthusiastically,Positive
entice,Positive
enticed,Positive
enticing,Positive
enticingly,Positive
entirely,Positive
entrancing,Positive
entrust,Positive
enviable,Positive
enviably,Positive
envious,Positive
enviously,Positive
enviousness,Positive
envy,Positive
ergonomical,Positive
errfree,Positive
erudite,Positive
essence,Positive
essential,Positive
established,Positive
esteem,Positive
esteemed,Positive
ethical,Positive
eulogize,Positive
euphoria,Positive
euphoric,Positive
euphorically,Positive
evaluative,Positive
eventempered,Positive
evenly,Positive
eventful,Positive
everlasting,Positive
everyday,Positive
evocative,Positive
exact,Positive
exactly,Positive
exalt,Positive
exalted,Positive
exaltedly,Positive
exaltingly,Positive
examplar,Positive
examplary,Positive
excallent,Positive
exceed,Positive
exceeded,Positive
exceeding,Positive
exceedingly,Positive
exceeds,Positive
excel,Positive
exceled,Positive
excelent,Positive
excellant,Positive
excelled,Positive
excellency,Positive
excellently,Positive
excelling,Positive
excels,Positive
exceptionally,Positive
excitedly,Positive
excitedness,Positive
excites,Positive
excitingly,Positive
exclusive,Positive
exellent,Positive
exemplar,Positive
exhilarate,Positive
exhilaratingly,Positive
exhilaration,Positive
exonerate,Positive
exotic,Positive
expand,Positive
expeditiously,Positive
expert,Positive
expertly,Positive
explore,Positive
express,Positive
expressive,Positive
exquisitely,Positive
extol,Positive
extoll,Positive
extraordinarily,Positive
exuberantly,Positive
exult,Positive
exultation,Positive
exultingly,Positive
eyecatch,Positive
eyecatching,Positive
fab,Positive
fabled,Positive
fabulously,Positive
facilitate,Positive
fairminded,Positive
fairly,Positive
faithfully,Positive
faithfulness,Positive
famed,Positive
familiar,Positive
famously,Positive
fancier,Positive
fancinating,Positive
fanfare,Positive
fans,Positive
fantastically,Positive
fascinating,Positive
fascinatingly,Positive
fascination,Positive
fashionable,Positive
fashionably,Positive
fast,Positive
fastgrowing,Positive
fastpaced,Positive
faster,Positive
fastest,Positive
fastestgrowing,Positive
faultless,Positive
fav,Positive
fave,Positive
favor,Positive
favorable,Positive
favored,Positive
favorited,Positive
favour,Positive
fearlessly,Positive
feasibly,Positive
feat,Positive
featurerich,Positive
fecilitous,Positive
felicitate,Positive
felicitous,Positive
felicity,Positive
fertile,Positive
fervent,Positive
fervently,Positive
fervid,Positive
fervidly,Positive
fervor,Positive
fetching,Positive
fiery,Positive
finelooking,Positive
finely,Positive
finer,Positive
finesse,Positive
finest,Positive
fires,Positive
firm,Positive
firmer,Positive
first,Positive
firstclass,Positive
firstinclass,Positive
firstrate,Positive
fixes,Positive
fizz,Positive
flair,Positive
flatter,Positive
flattering,Positive
flatteringly,Positive
flexible,Positive
flip,Positive
fluent,Positive
flutter,Positive
focused,Positive
fond,Positive
fondly,Positive
fondness,Positive
foolproof,Positive
forbearing,Positive
forceful,Positive
foremost,Positive
foresight,Positive
foresighted,Positive
forever,Positive
formidable,Positive
forthright,Positive
fortuitously,Positive
fortunate,Positive
fortunately,Positive
fortune,Positive
fragrance,Positive
fragrant,Positive
frank,Positive
freed,Positive
freedoms,Positive
fresh,Positive
fresher,Positive
freshest,Positive
freshness,Positive
frolic,Positive
frugal,Positive
fruitful,Positive
fulfillment,Positive
full,Positive
fund,Positive
funny,Positive
futurestic,Positive
futuristic,Positive
gaiety,Positive
gaily,Positive
gain,Positive
gained,Positive
gainful,Positive
gainfully,Positive
gaining,Positive
gains,Positive
gallant,Positive
gallantly,Positive
galore,Positive
gather,Positive
geekier,Positive
geeky,Positive
gem,Positive
gems,Positive
generously,Positive
genteel,Positive
gentle,Positive
gentlest,Positive
get,Positive
gifted,Positive
giggle,Positive
gladden,Positive
gladly,Positive
gladness,Positive
glamorous,Positive
glee,Positive
gleeful,Positive
gleefully,Positive
glimmer,Positive
glimmering,Positive
glisten,Positive
glistening,Positive
glitter,Positive
glitz,Positive
glorify,Positive
glorious,Positive
gloriously,Positive
glowing,Positive
glowingly,Positive
goahead,Positive
goaloriented,Positive
godgiven,Positive
godsend,Positive
godlike,Positive
godly,Positive
gold,Positive
golden,Positive
goodnatured,Positive
good looking,Positive
good mannered,Positive
good news,Positive
goodhearted,Positive
goodly,Positive
goood,Positive
gooood,Positive
gorgeously,Positive
graceful,Positive
gracious,Positive
graciously,Positive
grandeur,Positive
grateful,Positive
gratefully,Positive
gratification,Positive
gratified,Positive
gratifies,Positive
gratify,Positive
gratifying,Positive
gratifyingly,Positive
greatest,Positive
greatness,Positive
green,Positive
gregarious,Positive
grin,Positive
groundbreaking,Positive
group,Positive
growing,Positive
guarantee,Positive
guaranteed,Positive
guiltless,Positive
gumption,Positive
gush,Positive
gusto,Positive
gutsy,Positive
hail,Positive
halcyon,Positive
hale,Positive
hallmark,Positive
hallmarks,Positive
hallowed,Positive
handier,Positive
handily,Positive
handsdown,Positive
handsomely,Positive
handy,Positive
happier,Positive
hardworking,Positive
hardier,Positive
hardy,Positive
harmless,Positive
harmoniously,Positive
head for,Positive
head towards,Positive
headway,Positive
heal,Positive
healed,Positive
healing,Positive
healthful,Positive
hearten,Positive
heartening,Positive
heartily,Positive
hearty,Positive
heat,Positive
helped,Positive
here,Positive
heroic,Positive
heroically,Positive
heroine,Positive
heroize,Positive
heros,Positive
high,Positive
highquality,Positive
highspirited,Positive
hike,Positive
hilarious,Positive
hires,Positive
hit highs,Positive
hold,Positive
homage,Positive
honorable,Positive
honored,Positive
honoring,Positive
hooray,Positive
hopeful,Positive
hotcake,Positive
hotcakes,Positive
hottest,Positive
hug,Positive
humane,Positive
humility,Positive
humorous,Positive
humorously,Positive
humour,Positive
humourous,Positive
ideal,Positive
idealistic,Positive
idealize,Positive
ideally,Positive
idol,Positive
idolize,Positive
idolized,Positive
idyllic,Positive
illuminate,Positive
illuminati,Positive
illuminating,Positive
illumine,Positive
ilu,Positive
imaculate,Positive
imaginative,Positive
immaculate,Positive
immaculately,Positive
immense,Positive
impartial,Positive
impartiality,Positive
impartially,Positive
impassioned,Positive
impeccable,Positive
impeccably,Positive
important,Positive
impress,Positive
impressed,Positive
impresses,Positive
impressive,Positive
impressively,Positive
impressiveness,Positive
improve,Positive
improved,Positive
improvements,Positive
improves,Positive
improving,Positive
incentives,Positive
increase,Positive
incredibly,Positive
indebted,Positive
independent,Positive
individual,Positive
individualized,Positive
indulgence,Positive
indulgent,Positive
industrious,Positive
inestimable,Positive
inestimably,Positive
inexpensive,Positive
infallibility,Positive
infallible,Positive
infallibly,Positive
influential,Positive
ingenious,Positive
ingeniously,Positive
ingenuous,Positive
ingenuously,Positive
initiative,Positive
innate,Positive
innocuous,Positive
innovative,Positive
inpressed,Positive
insightfully,Positive
inspiring,Positive
instant,Positive
instantaneous,Positive
instantly,Positive
instinct,Positive
instinctive,Positive
instructive,Positive
instrumental,Positive
integral,Positive
integrated,Positive
intellectual,Positive
intelligible,Positive
interdependent,Positive
interests,Positive
intimate,Positive
intricate,Positive
intrigue,Positive
intriguing,Positive
intriguingly,Positive
introduce,Positive
intuitive,Positive
invaluable,Positive
invaluablely,Positive
inventive,Positive
invents,Positive
invest,Positive
invigorating,Positive
invincibility,Positive
inviolable,Positive
inviolate,Positive
inviting,Positive
invulnerable,Positive
irreplaceable,Positive
irreproachable,Positive
irresistible,Positive
irresistibly,Positive
issuefree,Positive
jawdroping,Positive
jawdropping,Positive
jazzed,Positive
jewel,Positive
join,Positive
join forces,Positive
joined,Positive
jollify,Positive
joyfully,Positive
joyously,Positive
jubilantly,Positive
jubilate,Positive
jubilation,Positive
jubiliant,Positive
judicious,Positive
juicy,Positive
jumps,Positive
justly,Positive
keenest,Positive
keenly,Positive
keenness,Positive
key,Positive
kidfriendly,Positive
kindhearted,Positive
kindliness,Positive
kissable,Positive
knowhow,Positive
knowing,Positive
knowledgeable,Positive
kudos,Positive
largecapacity,Positive
laud,Positive
laudable,Positive
laudably,Positive
launch,Positive
lavish,Positive
lavishly,Positive
lawabiding,Positive
lawful,Positive
lawfully,Positive
lays out,Positive
lead,Positive
leads,Positive
lean,Positive
learned,Positive
led,Positive
legend,Positive
legendary,Positive
leisure,Positive
lenient,Positive
level,Positive
leverage,Positive
levity,Positive
liberal,Positive
liberate,Positive
liberation,Positive
lifesaver,Positive
lifts,Positive
lighter,Positive
likable,Positive
likeable,Positive
liked,Positive
likes,Positive
liking,Positive
lingering,Positive
lionhearted,Positive
lofty,Positive
logical,Positive
longlasting,Positive
longest,Positive
look ahead,Positive
lovably,Positive
loved,Positive
loveliness,Positive
lover,Positive
loves,Positive
lowcost,Positive
lowprice,Positive
lowpriced,Positive
lowrisk,Positive
lowerpriced,Positive
lowly,Positive
lucid,Positive
lucidity,Positive
lucidly,Positive
luckier,Positive
luckiest,Positive
luckiness,Positive
lucrative,Positive
luminous,Positive
luscious,Positive
lush,Positive
luster,Positive
luxuriant,Positive
luxuriate,Positive
luxurious,Positive
luxuriously,Positive
lyrical,Positive
magical,Positive
magnanimous,Positive
magnanimously,Positive
magnetic,Positive
magnificence,Positive
magnificently,Positive
magnifies,Positive
maintain,Positive
majestic,Positive
manageable,Positive
maneuverable,Positive
marvel,Positive
marveled,Positive
marvelled,Positive
marvellous,Positive
marvelously,Positive
marvelousness,Positive
marvels,Positive
master,Positive
masterful,Positive
masterfully,Positive
masterly,Positive
masterpiece,Positive
masterpieces,Positive
masters,Positive
matchless,Positive
mature,Positive
maturely,Positive
maxi,Positive
meditate,Positive
meek,Positive
mend,Positive
merciful,Positive
mercifully,Positive
meritorious,Positive
merrily,Positive
merriment,Positive
merriness,Positive
merry,Positive
mesmerize,Positive
mesmerized,Positive
mesmerizes,Positive
mesmerizing,Positive
mesmerizingly,Positive
metamorphosis,Positive
meticulous,Positive
meticulously,Positive
mightily,Positive
mighty,Positive
ministering,Positive
miracles,Positive
miraculous,Positive
miraculously,Positive
miraculousness,Positive
model,Positive
moderate,Positive
modern,Positive
modest,Positive
momentous,Positive
monumental,Positive
monumentally,Positive
moral,Positive
morality,Positive
motivated,Positive
motivating,Positive
mouthwatering,Positive
mover,Positive
multi,Positive
multipurpose,Positive
munchy,Positive
mystical,Positive
nab,Positive
natural,Positive
naughty,Positive
navigable,Positive
neatest,Positive
neatly,Positive
need,Positive
neighborly,Positive
nicely,Positive
nicer,Positive
nicest,Positive
nifty,Positive
nimble,Positive
nobly,Positive
noiseless,Positive
nominate,Positive
nonviolence,Positive
nonviolent,Positive
notable,Positive
notably,Positive
noteworthy,Positive
novel,Positive
novelty,Positive
nutritious,Positive
oasis,Positive
objective,Positive
observant,Positive
obsession,Positive
obsessions,Positive
obtainable,Positive
offer,Positive
track,Positive
openhanded,Positive
oppurtunity,Positive
optimal,Positive
opulent,Positive
orderly,Positive
organised,Positive
organized,Positive
outdo,Positive
outdone,Positive
outlasts,Positive
outline,Positive
outmuscle,Positive
outperform,Positive
outperformed,Positive
outperforming,Positive
outperforms,Positive
outrageous,Positive
outshine,Positive
outshone,Positive
outsmart,Positive
outstandingly,Positive
outstrip,Positive
outwit,Positive
ovation,Positive
overjoyed,Positive
overtake,Positive
overtaken,Positive
overtakes,Positive
overtaking,Positive
overtook,Positive
overture,Positive
painfree,Positive
painless,Positive
painlessly,Positive
painstaking,Positive
palate,Positive
palatial,Positive
pamper,Positive
pampered,Positive
pamperedly,Positive
pamperedness,Positive
pampers,Positive
panoramic,Positive
paramount,Positive
party,Positive
passionately,Positive
patch,Positive
patient,Positive
patiently,Positive
patriot,Positive
patriotic,Positive
peaceable,Positive
peaceful,Positive
peacefully,Positive
peacekeepers,Positive
peach,Positive
peak,Positive
pearl,Positive
peerless,Positive
penitent,Positive
pepped,Positive
pepping,Positive
peppy,Positive
peps,Positive
perceptive,Positive
perfectly,Positive
permissible,Positive
persevere,Positive
persevering,Positive
persistent,Positive
personable,Positive
personages,Positive
personalized,Positive
persuasive,Positive
phenomenal,Positive
phenomenally,Positive
phenomenon,Positive
philanthropic,Positive
philosophical,Positive
picks,Positive
picturesque,Positive
piety,Positive
pinnacle,Positive
placid,Positive
plans,Positive
plausible,Positive
playfully,Positive
pleasant,Positive
pleasantly,Positive
pleases,Positive
pleasing,Positive
pleasingly,Positive
pleasurable,Positive
pleasurably,Positive
plenteous,Positive
plentiful,Positive
plenty,Positive
plethora,Positive
plum,Positive
plump,Positive
plus,Positive
pluses,Positive
plush,Positive
plusses,Positive
poetic,Positive
poeticize,Positive
poignant,Positive
poise,Positive
poised,Positive
polish,Positive
polished,Positive
popular,Positive
portable,Positive
posh,Positive
Positive,Positive
Positively,Positive
Positives,Positive
potent,Positive
powerfully,Positive
practical,Positive
pragmatic,Positive
praise,Positive
praiseworthy,Positive
praising,Positive
prayerful,Positive
preeminent,Positive
precise,Positive
precisely,Positive
prefer,Positive
preferable,Positive
preferably,Positive
prefered,Positive
preferes,Positive
preferring,Positive
prefers,Positive
premier,Positive
prepared,Positive
prestige,Positive
prestigious,Positive
prettily,Positive
prime,Positive
principle,Positive
principled,Positive
privileged,Positive
prize,Positive
problemfree,Positive
problemsolver,Positive
prodigious,Positive
prodigiously,Positive
prodigy,Positive
productive,Positive
productively,Positive
professional,Positive
proficient,Positive
proficiently,Positive
profit,Positive
profound,Positive
profoundly,Positive
profuse,Positive
profusion,Positive
progressive,Positive
project,Positive
prolific,Positive
prominence,Positive
prominent,Positive
promise,Positive
promised,Positive
promises,Positive
promising,Positive
promote,Positive
promoter,Positive
prompt,Positive
promptly,Positive
proper,Positive
properly,Positive
propitiously,Positive
pros,Positive
prosper,Positive
prosperity,Positive
prosperous,Positive
prospros,Positive
protection,Positive
protective,Positive
proven,Positive
proves,Positive
providence,Positive
provident,Positive
provider,Positive
proving,Positive
prowess,Positive
prudence,Positive
prudent,Positive
prudently,Positive
purify,Positive
purposeful,Positive
pushes boundaries,Positive
qualified,Positive
qualify,Positive
quantity,Positive
quenching,Positive
quest,Positive
questioning,Positive
quick,Positive
quickminded,Positive
quicker,Positive
quieter,Positive
radiance,Positive
raise,Positive
rally,Positive
rapid,Positive
rapport,Positive
rapt,Positive
raptureous,Positive
raptureously,Positive
rapturously,Positive
rational,Positive
ravishing,Positive
razorsharp,Positive
reach goal,Positive
reachable,Positive
readable,Positive
readily,Positive
reaffirm,Positive
reaffirmation,Positive
realistic,Positive
realizable,Positive
reap,Positive
reasonable,Positive
reasonably,Positive
reasoned,Positive
reassurance,Positive
reassure,Positive
receptive,Positive
reciprocating,Positive
reclaim,Positive
recognized,Positive
recomend,Positive
recommendation,Positive
recommendations,Positive
recommended,Positive
reconcile,Positive
reconciliation,Positive
recordsetting,Positive
recover,Positive
recovery,Positive
rectification,Positive
rectify,Positive
rectifying,Positive
redeem,Positive
redeeming,Positive
redemption,Positive
refine,Positive
refined,Positive
refinement,Positive
reflective,Positive
reform,Positive
reformed,Positive
reforming,Positive
reforms,Positive
refreshing,Positive
refund,Positive
refunded,Positive
regal,Positive
regally,Positive
regard,Positive
reign,Positive
reinvents,Positive
rejoice,Positive
rejoicing,Positive
rejoicingly,Positive
rejuvenating,Positive
reliably,Positive
reliance,Positive
religious,Positive
relish,Positive
rely,Positive
remains,Positive
remarkably,Positive
remedy,Positive
remission,Positive
remunerate,Positive
renaissance,Positive
renown,Positive
repentant,Positive
replaceable,Positive
replenished,Positive
reposed,Positive
reputable,Positive
reputation,Positive
resigned,Positive
resolute,Positive
resolution,Positive
resound,Positive
resounding,Positive
resourceful,Positive
resources,Positive
respectable,Positive
respectful,Positive
respectfully,Positive
respite,Positive
resplendent,Positive
responsible,Positive
responsibly,Positive
responsive,Positive
restful,Positive
restrained,Positive
restructure,Positive
restructured,Positive
restructuring,Positive
retractable,Positive
reveal,Positive
revealing,Positive
revel,Positive
revere,Positive
revered,Positive
reverent,Positive
reverently,Positive
revitalize,Positive
revival,Positive
revive,Positive
revives,Positive
revolutionary,Positive
revolutionize,Positive
revolutionized,Positive
revolutionizes,Positive
reward,Positive
rewarding,Positive
rewardingly,Positive
rhetorical,Positive
rich,Positive
richer,Positive
richly,Positive
richness,Positive
right,Positive
right now,Positive
righten,Positive
righteous,Positive
righteously,Positive
righteousromantic,Positive
rightfully,Positive
rightly,Positive
rightness,Positive
riskfree,Positive
robust,Positive
rockstar,Positive
rockstars,Positive
romantically,Positive
romanticize,Positive
roomier,Positive
roomy,Positive
rosy,Positive
rousing,Positive
royal,Positive
rule,Positive
sacrificial,Positive
safely,Positive
sagacious,Positive
sagacity,Positive
sagely,Positive
saint,Positive
saintliness,Positive
saintly,Positive
salutary,Positive
salute,Positive
sanctified,Positive
sane,Positive
satisfaction,Positive
satisfactorily,Positive
satisfactory,Positive
satisfies,Positive
satisfy,Positive
satisfying,Positive
satisified,Positive
saver,Positive
savior,Positive
savvy,Positive
scenic,Positive
scholarly,Positive
scores,Positive
seamless,Positive
seasoned,Positive
securely,Positive
sedate,Positive
seductive,Positive
seeker,Positive
seemly,Positive
select,Positive
selective,Positive
selfassured,Positive
selfdetermination,Positive
selfreliant,Positive
selfsatisfaction,Positive
selfsufficiency,Positive
selfsufficient,Positive
selfless,Positive
sensation,Positive
sensational,Positive
sensationally,Positive
sensations,Positive
sensible,Positive
sensibly,Positive
sensitive,Positive
sensual,Positive
sentimental,Positive
serviceoriented,Positive
set,Positive
set tussle,Positive
shapely,Positive
share,Positive
sharp,Positive
sharper,Positive
sharpest,Positive
sheer,Positive
shift,Positive
shimmering,Positive
shimmeringly,Positive
shiny,Positive
shoots,Positive
showcase,Positive
shown,Positive
shrewd,Positive
shy,Positive
significant,Positive
signs,Positive
silence,Positive
silent,Positive
silly,Positive
silver,Positive
simpler,Positive
simplest,Positive
simplified,Positive
simplifies,Positive
simplifying,Positive
sincere,Positive
sincerely,Positive
singular,Positive
sizzling,Positive
skilful,Positive
skillful,Positive
skillfully,Positive
slammin,Positive
sleek,Positive
slick,Positive
smarter,Positive
smartest,Positive
smartly,Positive
smashing,Positive
smiles,Positive
smilingly,Positive
smitten,Positive
smooth,Positive
smooth solution,Positive
smoother,Positive
smoothes,Positive
smoothest,Positive
smoothly,Positive
snappy,Positive
snazzy,Positive
sobriety,Positive
sociable,Positive
soft,Positive
softspoken,Positive
softer,Positive
solace,Positive
solar,Positive
solicitous,Positive
solicitously,Positive
solid,Positive
solid quarter,Positive
solidarity,Positive
soothe,Positive
soothingly,Positive
sophisticated,Positive
sound,Positive
soundly,Positive
soundness,Positive
sparkling,Positive
spectacularly,Positive
speed,Positive
speedily,Positive
speedy,Positive
spellbind,Positive
spellbinding,Positive
spellbindingly,Positive
spice,Positive
spicy,Positive
spirited,Positive
spiritual,Positive
splendidly,Positive
splendor,Positive
sporty,Positive
spotless,Positive
spotlight,Positive
sprightly,Positive
sprite,Positive
spruce,Positive
spry,Positive
stabilize,Positive
stable,Positive
stainless,Positive
standout,Positive
star,Positive
stateoftheart,Positive
stately,Positive
statuesque,Positive
staunch,Positive
staunchly,Positive
staunchness,Positive
steadfast,Positive
steadfastly,Positive
steadiest,Positive
steadiness,Positive
steady,Positive
stellarly,Positive
steps,Positive
stillness,Positive
stimulate,Positive
stimulates,Positive
stimulative,Positive
stir,Positive
stirring,Positive
stirringly,Positive
stokes,Positive
straighten,Positive
straightforward,Positive
streamlined,Positive
striking,Positive
strikingly,Positive
striving,Positive
strong,Positive
stronger,Positive
strongest,Positive
stunned,Positive
stunning,Positive
stunningly,Positive
stupendously,Positive
sturdier,Positive
sturdy,Positive
stylish,Positive
stylishly,Positive
stylized,Positive
suave,Positive
suavely,Positive
submissive,Positive
subsidize,Positive
subsidized,Positive
subsidizes,Positive
subsidizing,Positive
substantive,Positive
subtle,Positive
succeed,Positive
succeeded,Positive
succeeding,Positive
succeeds,Positive
succes,Positive
success,Positive
successes,Positive
successful,Positive
successfully,Positive
succinct,Positive
suffice,Positive
sufficed,Positive
suffices,Positive
sufficiently,Positive
suitable,Positive
sumptuous,Positive
sumptuously,Positive
sumptuousness,Positive
sun,Positive
sunny,Positive
super,Positive
superb,Positive
superbly,Positive
superior,Positive
superiority,Positive
superlative,Positive
supersonic,Positive
supple,Positive
supporter,Positive
supportive,Positive
supports,Positive
supremacy,Positive
supremely,Positive
supurb,Positive
supurbly,Positive
sure,Positive
surge,Positive
surmount,Positive
surpass,Positive
surprise,Positive
surreal,Positive
survival,Positive
survivor,Positive
sustainability,Positive
sustainable,Positive
swank,Positive
swankier,Positive
swankiest,Positive
swanky,Positive
sweeping,Positive
sweeten,Positive
sweetly,Positive
swell,Positive
swift,Positive
swiftness,Positive
symphony,Positive
synchronized,Positive
systematic,Positive
tackle,Positive
tactful,Positive
talent,Positive
talented,Positive
talents,Positive
talkative,Positive
tan,Positive
tangy,Positive
tantalize,Positive
tantalizing,Positive
tantalizingly,Positive
tasty,Positive
temperate,Positive
tempt,Positive
tempting,Positive
temptingly,Positive
tenacious,Positive
tenaciously,Positive
terrific,Positive
terrifically,Positive
therapeutic,Positive
thinner,Positive
thorough,Positive
thoroughbred,Positive
thoughtful,Positive
thoughtfully,Positive
thoughtfulness,Positive
thrift,Positive
thrifty,Positive
thrill,Positive
thrilling,Positive
thrillingly,Positive
thrills,Positive
thumbup,Positive
thumbsup,Positive
tickle,Positive
tidy,Positive
tied,Positive
timehonored,Positive
timeless,Positive
timely,Positive
tingle,Positive
tiny,Positive
titillate,Positive
titillating,Positive
titillatingly,Positive
together,Positive
togetherness,Positive
tolerable,Positive
tolerant,Positive
tollfree,Positive
top,Positive
topnotch,Positive
topquality,Positive
top seller,Positive
tops,Positive
totally,Positive
tough,Positive
tougher,Positive
toughest,Positive
toughness,Positive
traction,Positive
traditional,Positive
treasure,Positive
treat,Positive
tremendously,Positive
trendy,Positive
triples,Positive
triumphal,Positive
triumphant,Positive
triumphantly,Positive
trivially,Positive
trophy,Positive
troublefree,Positive
trump,Positive
trumpet,Positive
trusted,Positive
trustful,Positive
trustingly,Positive
trustworthiness,Positive
trustworthy,Positive
trusty,Positive
truthful,Positive
truthfully,Positive
twinkly,Positive
ulltimate,Positive
ultra,Positive
ultracrisp,Positive
unabashedly,Positive
unaffected,Positive
unassailable,Positive
unbeatable,Positive
unbiased,Positive
unblemished,Positive
unbound,Positive
uncomplicated,Positive
unconcerned,Positive
undamaged,Positive
undaunted,Positive
undeniably,Positive
understandable,Positive
undisputable,Positive
undisputably,Positive
undisputed,Positive
undoubtedly,Positive
unencumbered,Positive
unequivocal,Positive
unequivocally,Positive
unfailing,Positive
unfazed,Positive
unfettered,Positive
unforgettable,Positive
unlimited,Positive
unmatched,Positive
unparalleled,Positive
unquestionable,Positive
unquestionably,Positive
unrestrained,Positive
unrestricted,Positive
unrivaled,Positive
unselfish,Positive
unsurpassed,Positive
unusual,Positive
unveils,Positive
unwavering,Positive
upbeat,Positive
upgradable,Positive
upgradeable,Positive
upgraded,Positive
upheld,Positive
uphold,Positive
uplifting,Positive
upliftingly,Positive
upliftment,Positive
upright,Positive
upscale,Positive
usable,Positive
useable,Positive
userreplaceable,Positive
vip,Positive
valiant,Positive
valiantly,Positive
valor,Positive
valued,Positive
vanish,Positive
varied,Positive
vary,Positive
venerate,Positive
venerated,Positive
venture,Positive
venturous,Positive
verifiable,Positive
veritable,Positive
versatile,Positive
vibrantly,Positive
victor,Positive
viewable,Positive
vigilance,Positive
vigilant,Positive
vigorous,Positive
vintage,Positive
virtuously,Positive
vision,Positive
visionary,Positive
visualize,Positive
vital,Positive
vivacious,Positive
vivid,Positive
volitional,Positive
vouch,Positive
vouchsafe,Positive
voyage,Positive
wake,Positive
warmer,Positive
warmhearted,Positive
warmly,Positive
wealthy,Positive
wee,Positive
wellbacklit,Positive
wellbalanced,Positive
wellbehaved,Positive
wellbred,Positive
wellconnected,Positive
welleducated,Positive
wellestablished,Positive
wellinformed,Positive
wellintentioned,Positive
wellknown,Positive
wellmade,Positive
wellmanaged,Positive
wellmannered,Positive
wellpositioned,Positive
wellreceived,Positive
wellregarded,Positive
wellrounded,Positive
wellrun,Positive
wellwishers,Positive
whimsical,Positive
whiz,Positive
whoa,Positive
wholesome,Positive
whooa,Positive
whoooa,Positive
whopper,Positive
wieldy,Positive
willing,Positive
willingly,Positive
windfall,Positive
winner,Positive
winners,Positive
wins,Positive
winsome,Positive
wisely,Positive
witty,Positive
wonderfully,Positive
wonderous,Positive
wonderously,Positive
wonders,Positive
woo,Positive
woos,Positive
work,Positive
workable,Positive
worked,Positive
works,Positive
worldfamous,Positive
worldly,Positive
worthwhile,Positive
wowed,Positive
wowing,Positive
wows,Positive
yule,Positive
zap,Positive
zenith,Positive
zip,Positive
zoom,Positive
