"content","sentiment"
"Iron Manis favorite Christmas movie","Positive"
"HOT TOYS AVENGERS IRON MAN MARKVII STEALTH MODEFIGURE Sealed Brown Box","Neutral"
"Iron Man Movie Collection Bluray rtgain teamfollowback followback","Neutral"
"Know else Christmas movie Iron Man","Neutral"
"just earned the Iron Man Levelbadge","Positive"
"Kids Toys Marvel LegendsCivil War Exclusive Pack Captain AmericaIron ManSpiderman","Neutral"
"PopularMARVEL COMICS Lot ofDVDs Iron Man Next Avengers XMen Wolverine Episodes","Neutral"
"Voting Jingle All The Way because you include Lethal Weapon Iron Manor Her Majestys Secret Service","Neutral"
"liked avideo fromMinecraft HIGH SCHOOLIRON MAN MURDERMinecraft","Positive"
"the ends RAW you havehrs womens story feasible","Positive"
"historytimes her promoamp really Theyre gimmick matches RAW","Negative"
"","Neutral"
"Iron matchRAW","Neutral"
"just earned the Iron Man Levelbadge","Positive"
"Hot Toys Iron Man III Mark PYTHONScale Action Figure","Neutral"
"KOSami could have Iron Man and honestly would RAW","Neutral"
"Iron ManDie Hard both Christmas movies","Neutral"
"favorite nonChristmas Christmas movie Like Die Hard Iron Man","Positive"
"Kids Toys Marvel Legends Captain America Civil WarPackSpiderman Iron Man NEW","Neutral"
"Why Memphis shaven the bad from Iron Manhuh","Negative"
"astages again Its been since they did ironman","Neutral"
"Check out The Invincible Iron Man","Neutral"
"AvengersMovie Iron Man Thor Captain America HulkAge Ultron Thanos Video Game","Neutral"
"Theres nonzero chance days before and after Christmas allIron Man movies sitting","Neutral"
"Hot Toys Iron ManMark scale Limited Edition Action Figure MMS","Neutral"
"Hot Toys The Avengers Iron Man Mark VIIStealth Mode VersionScale Figure","Neutral"
"Hot Toys Iron ManMark scale Limited Edition Action Figure MMS","Neutral"
"This years nominees into the Xmas genre are Life Brian Iron Mans The VVitchIn Bruges","Neutral"
"Just the first issues Infamous Iron Man byandand LOVE with this title Dying for issue","Negative"
"AvengersThorIron Man","Neutral"
"Kids Toys Marvel Legends Captain America Civil WarPackSpiderman Iron Man NEW","Neutral"
"Ciampa reminds Mandarin Iron Manactually","Neutral"
"Nice Toys Marvel legends CaptainAmerica Civil WarPackSpiderman Iron Man NEW","Neutral"
"Next Iron Man","Neutral"
"lethal for Maybe manedUAUBEedUBU","Negative"
"Man cookingsausages longwayspcs Brown all Add cheese salsa Flip","Neutral"
"maniron manthe incredible hulk ultron thorand civil warThere thatswwful movies","Positive"
"Surprise Drinks Jurassic Avengers Iron Man Stegosaurus Mini Toyskidstoysga","Neutral"
"ThorandIron ManandCapAntMan Its been before","Neutral"
"bandBlack Hawks Down goes become alcoholic then you still Iron Man","Positive"
"AvengersIron ManThor","Neutral"
"Did all about manbecause down with","Negative"
"NEW Hasbro Marvel Iron ManAssemblers Figure and Gorev Arac Hasbro Marvel Iron ManAssemblers","Neutral"
"Iron manAvengers Iron ManThor ThorAnt","Neutral"
"Best Toy Marvel legends Captain America Civil WarPackSpiderman Iron Man NEW","Neutral"
"Kids Toys Marvel Legends Captain America Civil WarPackSpiderman Iron Man NEW","Neutral"
"Iron Manand the thor movies are","Neutral"
"IRON MAN III MARK MARVEL UNIVERSELoose Figure AVENGERS CIVIL WAR Infinite","Neutral"
"That already was The Hulk Thor ThorIncredible Hulk Captain America Iron ManandLOL","Neutral"
"Did manandThorhulk and avengersget deleted from the archives","Neutral"
"Hasbro Marvel UniverseIron Man Action Figure Ironman Avengers InfiniteUU","Neutral"
"MARVEL UNIVERSE AVENGERS LEGENDS IRON MANMOVIE MARKACTION FIGURE","Neutral"
"Flex payments Free shipping Iron ManQS Series Action FigureIron Man Mark XLI","Neutral"
"already happened its called Iron Manhorrible story when parody villain better than villain","Neutral"
"Best Toy Marvel legends Captain America Civil WarPackSpiderman Iron Man NEW","Neutral"
"NorwichHourLethal Weapon and Iron Manare Christmas nobody calls them Christmas films","Neutral"
"Kids Toys Marvel Legends Captain America Civil WarPackSpiderman Iron Man NEW","Neutral"
"yeah Iron ManThats the standalone Marvel movie","Positive"
"AliExpress USOFF Fashion Boys Iron Coat Kids The avengers Spr","Neutral"
"PopularMarvel Comics Iron ManD Bluray Dvd Set Lenticular Slipcover IronmanEbay","Neutral"
"when Iron Manand Civil War are just sitting","Positive"
"Best Toy Marvel legends Captain America Civil WarPackSpiderman Iron Man NEW","Neutral"
"IRON MANBluray DVD Digital Movie Exellent ConditionDisc Set","Neutral"
"Kids Toys Marvel Legends Captain America Civil WarPackSpiderman Iron Man NEW","Neutral"
"Muppet Christmas Carol Iron ManNot movie but the episode Buffy with the First trying Angel himself","Neutral"
"xmas same lethal manetc Xmas integral the","Neutral"
"Iron Manalso works the same basis","Positive"
"for would beIron manGOTGThe Avengers","Neutral"
"Best Toy Marvel legends Captain America Civil WarPackSpiderman Iron Man NEW","Neutral"
"Iron Manending credits with Funky","Neutral"
"DayA Song Number the title Can You Dig Iron ManMain Titles Brian TylerUA DayMusicChallenge","Neutral"
"Kids Toys Marvel Legends Captain America Civil WarPackSpiderman Iron Man NEW","Neutral"
"did civil and guardians firstfilms and its terrible Nobody cares about the characters","Neutral"
"PLAY IRON MANon WINDOWSMAC","Neutral"
"Iron ManBlurayDVDDisc Set BRAND NEW","Neutral"
"Iron Man Headphones Deal the gtgtgt","Neutral"
"Iron Man Headphones Buy gtgtgtgtgt","Neutral"
"Remember Iron ManNow Carspromotional","Neutral"
"Was Iron Manthe first Superhero movie Christmas","Positive"
"Currentoffice debatewhether Iron Manis good Christmas orwhether its good all","Positive"
"edUAUBDedUBUB The Marvel Superheroes Megazineby Michael Golden featuring the Invincible Iron Man","Neutral"
"mans new lvlsuperhe pulls out and shoots you irl","Positive"
"Nice Toys Marvel LegendsToy Series CaptainAmerica Spider Iron Man Figure New","Neutral"
"considering Iron Mans only new moves UMvC were Iron Avenger his leveland Repulsor Spread this quite welcome","Positive"
"Marvel Boys Pack Captain America and Iron Man TShirtsreg","Neutral"
"Subieron Iron Mana Netflix edUAUBDedUBUedUAUBDedUBU salsonnnnn","Neutral"
"Marvel Captain America Civil War Iron Man Tech Mask Onlyreg","Neutral"
"hellokitty FREESHIPPING Cartoon Captain America Iron Man InEar Earpho","Neutral"
"Iron Man Invasion the Space Phantoms Mighty Marvel Chapter Book Marvel Chapter Book Onlyreg","Neutral"
"Iron ManPlane Rescue Scene Full","Neutral"
"just liked IRON MANHUDGFX PROCESS REEL Vimeo","Positive"
"Last weeks ChristmasMovies Batman Returns Trading Places Jurassic World Iron Manand Shane Black Anyone","Neutral"
"Iron Manandroid playslack","Neutral"
"Hot Toys EXCLUSIVE Iron Man Diecast Mark IIIFigure COMPLETE ActionFigures ActionFigure","Neutral"
"Let The Iron Man","Neutral"
"liked this better when was for Iron Man","Positive"
"Best Toys Marvel Avengers Captain America Iron Man Loose Action FiguresHasbro","Neutral"
"AliExpress USOFF LOZ Super Hero The Avengers Captain America Hulk Iron","Neutral"
"sURPRISE EGGS DORA THE EXPLORER Disney Cars CHAVO manKINDER GIRL","Neutral"
"Free onIron ManBluRay New Package Get","Neutral"
"Deals Movies DVD Bluray Iron ManD BluRay Brand New Sealed Trusted Seller Region Free","Neutral"
"Nice Toys Marvel MIGHTY MUGGSCaptainAmericaIron ManFiguresHasbro","Neutral"
"HOT TOYSMMS IRON MANMANDARIN BEN KINGSLEY BELTS SET new toys hobbies","Positive"
"the Jack Saunders Iron Man Award which huge honor and pleasureit was honor and privelagewin this with","Positive"
"PLAY IRON MANon WINDOWSMAC","Neutral"
"Bandai Figuarts Iron ManTony Stark Toy Action Figure Review","Neutral"
"AliExpress USOFF LOZ Super Hero The Avengers Captain America Hulk Iron","Neutral"
"Iron Manis during Christmas therefore its Christmas movie Lets this movielogic","Neutral"
"MVCI Capcom Tofu Lost Planetguy Jean Reno Marvel Iron ManMandarin George Pierre Captain Phasma","Neutral"
"which movies good MCU points are manandand thorBut those movies are miles from bad","Neutral"
"being true the CallistoCorbin feud commencing WrestleMania offalls Iron Man WWETLC ChairsMatch","Positive"
"Woah youre have mixed with Iron ManI rest","Positive"
"returning characters Megaman could but why does Morrigan and Iron Man levelliterally the same","Neutral"
"Marvel Universe Avengers XLot OfIron Fist Wonder Man Thunderbird","Neutral"
"mans avenger animation being frame for frame the exact same was marvel","Positive"
"yeah Iron Mangot partly because after the avengers","Positive"
"Thunderbolt Lightfoot fave Clint Cimino tooIron ManFearless","Positive"
"Check out The Invincible Iron Man","Neutral"
"Iron Mancounts Christmas movie idc","Neutral"
"The Invincible Iron Man VolThe Five Nightmares Matt Fraction ratingofstars","Neutral"
"ofstars The Invincible Iron Man Volby Matt Fraction","Neutral"
"Nice Toys Marvel Avengers CaptainAmerica Iron Man Loose Action FiguresHasbro","Neutral"
"Doctor Strange slaughtered both Iron Man movies Dideven","Negative"
"whats favorite Christmas movie Iron Man","Positive"
"added aplaylist Iron ManTeaser Trailer UKOfficial MarvelHD","Neutral"
"Watching ouat and then rewatching Iron ManIS THAT ZELENA Yes was shook oOo","Neutral"
"just earned the Iron Man Levelbadge","Positive"
"That from Attack TitanDL HadesIron ManPorygon","Neutral"
"Iron ManFull Movie","Neutral"
"Just finished watching manand","Neutral"
"manwhen Tony asks Gweneth See happens when you out with gfs hunnny","Neutral"
"just earned the Iron Man Levelbadge","Positive"
"MCU movie Iron ManThorare still watchable Thordespite its problems When comes the DCEU the","Neutral"
"the only bad things from marvel are the Thor movies and","Neutral"
"Marvel Iron ManAvengers Initiative Assemblers STRIKER Iron Man Figure","Neutral"
"Marvel Iron ManAvengers Initiative Assemblers Hammerstrike Iron Man Figure","Neutral"
"Marvel Iron ManAvengers Initiative Assemblers StarBoost Iron Man Figure","Neutral"
"have and you please makePutfilm collection just","Positive"
"Hot Toys Iron Man Mark VII ExclusiveScale Figure","Neutral"
"spidermana but infinitely more entertaining than manor thoror the first","Positive"
"Nerve Grease Iron manComme cendrillonEt jsp","Neutral"
"Leathal Weapon Gremlins and Iron ManOh and While You Were Sleeping too","Neutral"
"deadpooljump streetnos pires voisinsiron mantitanic","Neutral"
"the Iron Man","Neutral"
"Its Iron Manbut its aight","Neutral"
"just earned the Iron Man Levelbadge","Positive"
"Power Man and Iron Fist VolIssue","Neutral"
"Iron ManDeadpoolLe diable shabille pradaCaptain America The Winter SoldierGone Girl","Neutral"
"Hot Toys WAR MACHINE MARK IIDIECASTFigure NEW Iron ManFigures","Neutral"
"Disney InfinityEdition MARVELS Hulkbuster Figure Iron Man NEW gamer gaming games","Neutral"
"Lot Has Changed for Tony StarkSee Why Iron Manon Digital","Neutral"
"its better than manandcombined","Positive"
"Check out Top Paw Iron ManDog TShirt Black and Red Marvel Comics Size Small TopPaw","Neutral"
"Check out Top Paw Iron ManDog TShirt Black and Red Marvel Comics Size Medium TopPaw","Neutral"
"its IRON MANor AVENGERSthough was marketed CAPTAIN AMERICAdominating the first movies returns","Positive"
"Reasons Hate The Terrible Iron Man","Neutral"
"watched all the Batman Iron Man movies indays regrets honestly truly THEYRE GOOD OMFDC WHY ARE THEY OVER SAD","Negative"
"anything just success and Capmade then Iron manlol","Positive"
"with manDo them Its worth they have them Phaseetc","Positive"
"IRON MANASSEMBLERSACTION FIGURE LOTTOTAL FIGURES NEW toys hobbies","Neutral"
"you really reminder you through Iron Manin theatres course try stubs well","Positive"
"just earned the Iron Man Levelbadge","Positive"
"cried little the Iron Manwhen the suits","Negative"
"Best ToysFigure LOT SCARLET WITCH ULTRON IRON MANInch Marvel Avengers NEW","Neutral"
"forandat the nextshow title pole inferno","Neutral"
"AliExpress USOFF Fashion Boys Iron Coat Kids The avengers Spr","Neutral"
"Watching Iron Manwith","Neutral"
"NEW ITEM Fear Itself Iron ManJanuaryMarvel FearItself IronMan Marvel Comics ComicBooks","Neutral"
"Ultimate Marvel CapcomRyu Iron Man Roundblogtraffic","Neutral"
"Hot Toys Iron ManMark XLIIMK MMSScale Figure Mailer Box","Neutral"
"Ultimate Marvel CapcomRyu Iron Man RoundUltimate Marvel Capcomschafft","Neutral"
"just earned the Iron Man Levelbadge","Positive"
"Ultimate Marvel CapcomRyu Iron Man RoundXboxOne","Neutral"
"Ultimate Marvel CapcomRyu Iron Man Round","Neutral"
"Ultimate Marvel CapcomRyu Iron Man Round","Neutral"
"just earned the Iron Man Levelbadge","Positive"
"Jeff Bridges istoday His topareHell High WaterThe Fisher KingIron ManTrue GritThe","Neutral"
"Stuck between manor reflection edUAUBDedUBUedUAUBDedUBU","Neutral"
"Iron ManBlurayDVD Disney","Neutral"
"Theres this from the new Enteng Kabisote movie was copied from from Iron ManIm","Positive"
"PLAY IRON MANon WINDOWSMAC","Neutral"
"Iron Manatm","Neutral"
"Iron Manforever edUAUBDedUBU masaket","Neutral"
"Captain AmericaIron drawing did indays for sweetpeavs birthdayIm actually","Neutral"
"Ranked IRON MAN has ranked","Neutral"
"The difference shading between Iron Man who using the Marvelmodel and pretty","Positive"
"DISNEY INFINITYMARVEL SUPERHEROESIRON MANPARTqua","Neutral"
"Looking the Joe Nakamura feud they should have orfalls WWENXT","Neutral"
"Not the top psychoanalyzing Iron ManIll the PDF","Positive"
"News Marvel Capcom Infinite teaser reveals Captain Marvel Iron Man Trending Hot","Neutral"
"LIVEFREEUCIRON MAN Ver Julyat MUJICA NagoyaUD","Neutral"
"Best ToysMarvel Universe Avengers XLot OfIron Fist Wonder Man Thunderbird Gifts","Neutral"
"Hot Toys Marvel Iron ManIron Man Mark SneakyScale Figure MISB Figures","Neutral"
"MCU definitely Captain America NoDoctor Strange NoIron Man NoBox office numbers Fact","Neutral"
"MvCI Marvelorbuttons the Iron Man did crjab have Marvel","Neutral"
"Revenge Iron Man","Neutral"
"IRONMAN IRON MANHOT ROD MARK XXIIMMSD HOTTOYS FIGURE","Neutral"
"Maybe Iron Man had mostall his the first publicized builds ofe iirc","Positive"
"liked avideo Marvel CapcomIron Man Special","Positive"
"Have you Iron ManShane Black his devices RDJ mostly out the Very esoteric for MCU","Neutral"
"the and missed and kissed his sunglasses and called and refuses mannow","Negative"
"please out you all allin likeflicks findcollecting","Positive"
"Die HardJurassic WorldIron ManBehind Enemy LinesA Christmas Story top christmasmovies","Positive"
"IRON MAND BluRayDVDDisc Set wSlipcover ROBERT DOWNEY","Neutral"
"favorite Christmas movie","Positive"
"soldier avengersand thorare good you manamp antman","Positive"
"basically the same Iron Man Strange actually learns and Stark remains asshole","Positive"
"Just realized shane puts all his movies Christmas Lethal manWhat try","Neutral"
"LastChanceEbay IRON MAN MARK ARMOR Marvel InfiniteInch HasbroNew Pack deals toys games","Neutral"
"IRON MAN MARK ARMOR Marvel InfiniteInch HasbroNew Pack deals toys games","Neutral"
"Kids Toys Marvel Legends Captain America Civil WarPackSpiderman Iron Man NEW","Neutral"
"marvelspidermanthe amazing spidermanavengersca tws tfa cwthor tdwiron","Positive"
"PacMan Ghost Embroidered IRON Patch Condition NEW NIP Smokefree Iron DimensionsX","Neutral"
"UUMovies DVD Marvel ThorIron Man BlurayDVDDisc Set Avengers Movies Lot Hot Sale","Neutral"
"Why would you out being You Does makes sense Iron Manmade","Neutral"
"just earned the Iron Man Levelbadge","Positive"
"Best Toy Marvel legends Captain America Civil WarPackSpiderman Iron Man NEW","Neutral"
"The Man the Iron MaskIndependence DayMaverick VHS xNEW sLOT","Neutral"
"Iron ManMovie Sketch Card Tina Berardi Tony Stark for USD Coins Paper Money Berardi","Neutral"
"Iron ManTheme Guitar","Neutral"
"just earned the Iron Man Levelbadge","Positive"
"False Captain America The First Avenger Iron ManIron Manany Thor movie Ant Man Strange are all disappointments","Negative"
"UMovies DVD Marvel ThorIron Man BlurayDVDDisc Set Avengers Movies Lot Hot Sale","Neutral"
"liebster YouTuber","Neutral"
"Marvel Masterworks VolumeThe Invincible Iron ManVariant TPB limited","Negative"
"IRON MANWAS LIT","Neutral"
"have mixed feelings about Iron Manampbut generally Yeah","Neutral"
"The MCU movies theaters wereHulk and Iron ManI them but skipped mixed receptions","Neutral"
"Movies DVD Marvel ThorIron Man BlurayDVDDisc Set Avengers Movies Lot Hot Sale","Neutral"
"James Gunn writing sharp funny and smart Thats why GOTG mymovie Iron Manis first","Positive"
"Finally AntManI Its with Iron ManMaybe The Incredible HulkMCU","Neutral"
"Marvel ThorIron Man BlurayDVDDisc Set Avengers Movies Lot","Neutral"
"GUYS JUST SAW LINDEN ASHBY THE IRON MANMOVIE DKJEJSKAJAHAJ","Neutral"
"Shoutout SILs doing the Perth amazing","Positive"
"just earned the Iron Man Levelbadge","Positive"
"Best Toy Marvel legends Captain America Civil WarPackSpiderman Iron Man NEW","Neutral"
"Digging through Simspics for vampires and getting nostalgia Throwback","Neutral"
"Watching Iron Manand Captain America Civil War the Tony Has Shitty Christmas Movie Marathon","Neutral"
"Morro Bay Varsity Wrestling finishedin the Newark Memorial Iron Man Duals and","Neutral"
"gusto comparto contigo MetallicA OzzyIron Man Paranoid RnR Hall FameDecemberat","Positive"
"Iron Manhenchman who hates his because everyone","Negative"
"just earned the Iron Man Levelbadge","Positive"
"just earned the Iron Man Levelbadge","Positive"
"MARVEL LEGENDS AGE ULTRON MOVIE ACTION FIGURES THOR IRON MAN CAPTAIN AMERICA","Neutral"
"Two superhero films Ill the The Wolverine Iron ManI the issues with wolverine good doe","Neutral"
"those people who likes Iron Manbut why people were disappointed","Neutral"
"Pgrespect authorityAedUAUBCedUBEUpinned Senator John McCain who little prick","Negative"
"FUJKCJDJSJ SJS OKAY OKAY WHEN FINISH IRON MANILL BACK THAT MOVIE","Neutral"
"just earned the Iron Man Levelbadge","Positive"
"PLAY IRON MANon WINDOWSMAC","Neutral"
"just earned the Iron Man Levelbadge","Positive"
"Iron Manis the overrated the Marvel movies","Negative"
"just earned the Iron Man Levelbadge","Positive"
"Marvel CapcomInfinite looks COOL downloadPS XBOXONEampPC inThe had Mega ManRyu Iron ManampMsMarvel edUAUBCedUBEUAE","Neutral"
"PLAY IRON MANon WINDOWSMAC","Neutral"
"mansoundtrackedUAUBDedUBUEedUAUBDedUBUEedUAUBDedUBUEedUAUBDedUBUE","Neutral"
"Marvel Capcom Infinite teaser reveals Captain Marvel Iron Man","Neutral"
"UUUMarvel ThorIron Man BlurayDVDDisc Set Avengers Movies Lot eBay Auction","Neutral"
"Marvel Capcom Infinite teaser reveals Captain Marvel Iron Man Innovate","Neutral"
"liked avideo Honest TrailersIron Man","Positive"
"Movie Marvel ThorIron Man BlurayDVDDisc Set Avengers Movies Lot Movies DVD","Neutral"
"Hot Toys Iron Man Mark XXVIIDISCO Scale Figure Movie Masterpiece Series","Neutral"
"New Marvel Iron Manamp Avengers Assemble Tower PuzzlesPiece Bifold Wallet toys hobbies","Neutral"
"UUMarvel ThorIron Man BlurayDVDDisc Set Avengers Movies Lot eBay Auction","Neutral"
"just earned the Iron Man Levelbadge","Positive"
"liked avideo Iron Man Series","Positive"
"funkophotoaday DayIn Iron watching funkopop popvinyl","Neutral"
"Marvel Capcom Infinite teaser reveals Captain Marvel Iron Man","Neutral"
"liked avideo fromIron ManMaking Behind the Scenes","Positive"
"just earned the Iron Man Levelbadge","Positive"
"Marvel Capcom Infinite teaser reveals Captain Marvel Iron Man","Neutral"
"UMarvel ThorIron Man BlurayDVDDisc Set Avengers Movies Lot eBay Auction","Neutral"
"only enjoy the classic Christmas movies Love Actually Rudolph and Iron Man","Positive"
"Marvel Capcom Infinite teaser reveals Captain Marvel Iron Man","Neutral"
"MarvelVsCapcom Yaass Adoredmainly because fighting silly Marvel team upsbut Iron Man Cpt Marvel Gimme","Positive"
"Check out Tweet and","Neutral"
"showed Ryu MegaMan Iron Man and Captain Marvel They just announced Ultimate Capcomon","Positive"
"Marvel ThorIron Man BlurayDVDDisc Set Avengers Movies Lot eBay Auction","Neutral"
"Fase Iron ManThor The Dark World Capitan America The Winter Soldier Guardians The Galaxy The avengers Age ultron Ant manedUAUBDedUBUD","Neutral"
"Good out yearclass please They loved krindlekrax the witches","Positive"
"IRON MANMARVELHASBROACTION FIGURESSET OFBRAND NEW","Neutral"
"Diamond Select Toys SeriesMarvel Minimates Iron ManWar Machine and Maya Hansen Act","Neutral"
"Nice Toys Marvel legends CaptainAmerica Civil WarPackSpiderman Iron Man NEW","Neutral"
"manis technically christmas movie","Neutral"
"just earned the Iron Man Levelbadge","Positive"
"Exciting Story About Finding Ones IdentityIron Man","Neutral"
"Iron Mannow THATs brilliant movie","Positive"
"just earned the Iron Man Levelbadge","Positive"
"Kids Toys Marvel Legends Captain America Civil WarPackSpiderman Iron Man NEW","Neutral"
"watched Iron Manthe and was the flo CraigFairbrass aphorism","Neutral"
"Power Man and Iron Fist VolStory David Walker Flaviano","Neutral"
"Power Man and Iron Fist","Neutral"
"Check Out Tony Stark Iron ManGet Digital","Neutral"
"Answer yesterdays was Dominic Cooper Howard Stark and Rebecca Hall Iron ManSadly the XMen the MCU","Neutral"
"Iron ManLive Wallpaper APK Download","Neutral"
"Iron ManLive Wallpaper APK Download","Neutral"
"added aplaylist Iron ManImagine DragonsReady Aim Fire Hereos Fall","Neutral"
"Memento The bad from Iron Manteams with Trinity and Albert Arlington someone","Negative"
"Hot ToysTony StarkIron ManAvengersWorkshop Figure MMS","Neutral"
"PLAY IRON MANon WINDOWSMAC","Neutral"
"Iron ManBig Game Spot Teaser teaser newzealand hotvideo videos","Neutral"
"Konahalf Thinking should try","Neutral"
"AliExpress USOFF LOZ Super Hero The Avengers Captain America Hulk Iron","Neutral"
"Iron Manand The Nice Guys believe Although hardly those indispensable viewing","Positive"
"Kids Toys Marvel LegendsToy Series Captain America Spider Iron Man Figure New","Neutral"
"liked avideo fromIRON MANCHRISTMAS SONG Jingle Bells Bombay Dub Orchestra Remix","Positive"
"just earned the Iron Man Levelbadge","Positive"
"just have Tony Stark and the Iron Manarmor Which specifically for the","Positive"
"Iron ManAvengers XMen first XMen days future XMen apocalypse Deadpool ILOVE MARVEL","Positive"
"AliExpress USOFF LOZ Super Hero The Avengers Captain America Hulk Iron","Neutral"
"new Ive had hoodie and aviators Iron Manis still favorite","Positive"
"Best Toy Marvel LegendsToy Series Captain America Spider Iron Man Figure New","Neutral"
"Iron ManI enjoy all There any scenes rewatch its just","Positive"
"Hot Toys Iron Man HeartbreakerScale Figure Marvel","Neutral"
"Hot ToysBlack Widow Figure Scarlett Johansson Avengers Marvel Iron Man","Neutral"
"Kids Toys Marvel LegendsToy Series Captain America Spider Iron Man Figure New","Neutral"
"over its Iron Manlmao was bad","Negative"
"gotg and mantbh","Neutral"
"Iron ManDVD Robert Downey Gwyneth Paltrow Please Read Description eBay","Neutral"
"Iron ManDVD Robert Downey Gwyneth Paltrow Please Read Description eBay","Neutral"
"this always but the only Marvel movie worth writing about gotg Like yea manand deadpool are but Gotg","Positive"
"Rebecca Hall Iron Manamp Dominic Cooper Captain America","Neutral"
"Iron Manis IMHO the best the","Positive"
"liked avideo Iron ManEpic Orchestral Cover","Positive"
"liked avideo fromIron ManStun Glove","Positive"
"How does AntMan communicate with antsHow does Iron Mans Comic Magnetic Repulsors","Neutral"
"manis christmas movie have new favorite christmas movie","Positive"
"IRON MANis just WONDERFUL BEAUTIFUL DELIGHTFUL BRILLIANT AWESOME PERFECT And Robert Downey all tooSuperegafoxyawesome HOT","Positive"
"HOT TOYS AVENGERS IRON MAN MARKVII STEALTH MODEFIGURE","Neutral"
"just earned the Iron Man Levelbadge","Positive"
"then Stumpy Ironmanbut bencheswearing issizes too","Neutral"
"Best Toy Marvel LegendsToy Series Captain America Spider Iron Man Figure New","Neutral"
"Today learned they parts Iron Manat the and this the single greatest","Positive"
"Marvel May Have Scrapped the","Neutral"
"you the Advent you missed little Lego Iron ManDayhouses earliest","Negative"
"New Hot Toys Iron Man Sideshow EXCLUSIVE Python Mark StarkScale Figure","Neutral"
"Man the inside","Neutral"
"just earned the Iron Man Levelbadge","Positive"
"STEELBOOK IRON MANBEST BUY EDITION BLURAY dealsuk","Neutral"
"just earned the Iron Man Levelbadge","Positive"
"just earned the Iron Man Levelbadge","Positive"
"just earned the Iron Man Levelbadge","Positive"
"FFIron ManNick FuryampASMamp many more Capamp more Tales Suspense XMenNeal Adams XMen Kirby Thors","Positive"
"rated Iron ManIMDb","Neutral"
"superhero She just spy did through all manor thor the","Positive"
"GotG prejudiced Capinand November Thormissed for May Iron Man","Neutral"
"Check out NewIron ManStickersThree Sealed Packets Party Bag Stocking fillers","Neutral"
"Hot Toys MMSIron ManMark VTony Starkinch Action Figure NEW","Neutral"
"really only predicting Capover because has the elements all their nominees Iron Man Cap","Neutral"
"just earned the Iron Man Levelbadge","Positive"
"only wailing cabrera FRIGHT NIGHTMORE DAYS FULL IRON MANis good","Positive"
"AliExpress USOFF Fashion Boys Iron Coat Kids The avengers Spr","Neutral"
"remember Iron ManSomething myself just","Positive"
"Get Your Spectacular Digital Version Iron Man","Neutral"
"Wondering you could permission parts phenomenal Iron Mancover remake asee","Positive"
"Iron ManPepper Potts Display Base Order","Neutral"
"Best Christmas Movies AlltimeBatman ReturnsIron ManMuppet Christmas CarolRockyDie Hard","Neutral"
"ltIron Mans Extra Heartgt PART STONY fanart Steve RogersTony Stark IronMan captainamerica","Neutral"
"Iron Man transformationsIron Manand The Avengers","Neutral"
"favourite Marvel moviesGOTGAnt ManCACWIron ManThe Avengers","Neutral"
"Days Creepmas Christmas Frights Movie Marathon for the NowWatching IRON MANDrop needle","Neutral"
"Hot Toys Iron ManPEPPER POTTSFigureScale MMS sealed shipper Figures","Neutral"
"Iron Man standmarquezfostermorrowbellomyheffronlozanowhatleyWeatherfordcollinsweissOrr Champ crowned","Neutral"
"should movies had Frozen Iron Man","Neutral"
"just earned the Iron Man Levelbadge","Positive"
"watched Iron Manthe and was the CraigFairbrass quote","Neutral"
"Lot Has Changed for Tony StarkSee Why Iron Manon Digital","Neutral"
"Dominic Cooper Captain America and Rebecca Hall Iron ManXmasbatch","Neutral"
"Not watched Iron Manin ages lets","Neutral"
"paraphrase Iron ManNews sites seecoming bySEO SERPS","Neutral"
"watched Iron Manthe and was the flo CraigFairbrass citation","Neutral"
"added aplaylist Iron ManTheme Guitar","Neutral"
"Iron ManMark XVIIHeart Breaker Armor Figure NEW BOX Toys","Neutral"
"Rebecca Hall Iron Manand Dominic Cooper Captain America","Neutral"
"its saying Iron Manis more popular than the first Star Wars movie because more","Positive"
"Iron ManTheme Guitar","Neutral"
"Action Packed Movie About Advanced TechnologyIron Man","Neutral"
"Rebecca Hall played Iron Man","Neutral"
"FeatureFriday toShine Tom Virtue Hes editor for Iron ManEven Stevens and Transf","Neutral"
"Rebecca Hall Iron Manand Dominic Cooper Howard Stark","Neutral"
"james mcavoy and rebecca","Neutral"
"McAvoy would but Rebecca Hall and Dominic Cooper Iron Manand Capt America","Neutral"
"Dominic Cooper Howard Stark Rebecca Hall Maya Hansen Iron Man","Neutral"
"Rebecca Hall Iron manand Dominic Cooper for America James McAvoy Xmen still has MCU thfox","Positive"
"Come BIGOLIVE mann","Neutral"
"Come BIGOLIVE mann","Neutral"
"favorite Christmas movie Iron ManITS CHRISTMAS MOVIE","Positive"
"Come BIGOLIVE mann","Neutral"
"Come BIGOLIVE mann","Neutral"
"Come BIGOLIVE mann","Neutral"
"PLAY IRON MANon WINDOWSMAC","Neutral"
"liked avideo Iron ManImagine DragonsReady Aim Fire Hereos Fall Soundtrack","Positive"
"just watched Iron Manfrom his collection","Positive"
"Kids Toys Marvel Titan Hero SeriesPackSpiderman Iron Man Captain America Toy","Neutral"
"Lethal Weapon Kiss Kiss Bang Bang and Iron Man","Neutral"
"Fire and aviators Iron Manhours before this","Neutral"
"Come BIGOLIVE mann","Neutral"
"Come BIGOLIVE mann","Neutral"
"Come BIGOLIVE mann","Neutral"
"Kids Toys Marvel Legends Series Pack Captain America Spider Man Iron Man Legendary Figur","Neutral"
"Watching Iron Manwith its scary reality edUAUBDedUBU","Neutral"
"edUAUBDedUBUedUAUBDedUBUedUAUBDedUBU create our demonsTony stark Iron Man","Neutral"
"Nice Toys Marvel Legends Series Pack CaptainAmerica Spider Man Iron Man Legendary Figur","Neutral"
"Kids Toys Marvel Titan Hero SeriesPack Iron Man Spider Man Captain America Ship Fast","Neutral"
"and Animation School Foundation Mohammed Ali Shaikh recreates still from Iron Manthat","Positive"
"Best Toy Marvel Titan Hero SeriesPack Iron Man Spider Man Captain America Ship Fast","Neutral"
"Best Toy Marvel Titan Hero SeriesPack Iron Man Spiderman Captain America Ship Fast","Neutral"
"Gang immigrants mans and break his using and weapons","Negative"
"Funko Wacky Wobblers PackBobble Heads IRON MAN CAPTAIN AMERICA HULK THOR","Neutral"
"Best Toy Marvel Titan Hero SeriesPackSpiderman Iron Man Captain America Toys","Neutral"
"Kids Toys Marvel Titan Hero SeriesPackSpiderman Iron Man Captain America Toy","Neutral"
"apreciat videoclip peIRON MANThe Official Game Android WalkthroughGameplay Part","Neutral"
"Best Toy Marvel Titan Hero SeriesPackSpiderman Iron Man Captain America Toys","Neutral"
"Jodie Foster new scifi movie Drew Pearce for Iron Manand Mission","Positive"
"absolutely the villains","Neutral"
"Pearce Iron Manand the story for MIRogue Nation directorial experience but unqualified","Neutral"
"the Iron Manpremiere The imposter was invited","Neutral"
"liked avideo The Island Misfit SinsIron Man","Positive"
"are you trying manwas stright had better villains twoNigga buggin","Neutral"
"Nice Toys Marvel Titan Hero SeriesPackSpiderMan Iron Man CaptainAmerica Kids","Neutral"
"AliExpress USOFF LOZ Super Hero The Avengers Captain America Hulk Iron","Neutral"
"Iron Man VolMarchUnmasked Archie Goodwin George Tuska See more","Positive"
"AliExpress USOFF LOZ Super Hero The Avengers Captain America Hulk Iron","Neutral"
"TopartistBoy superhero Girl SupermanIron Boy YOURMAN edUAUBDedUBUFedUAUBDedUBUFedUAUBDedUBUF","Neutral"
"Iron Manis trending Marvel has the best the all you are brilliant Thank you","Positive"
"just earned the Iron Man Levelbadge","Positive"
"America Thor panther scarlet witch widow falcon","Neutral"
"you were wondering the best Christmas movie its Iron Man","Positive"
"finally completed Actand from thehero crystal edUAUBDedUBU him already","Neutral"
"Best Toys Iron ManBearbrickFigure Marvel Medicom Mark XLIIAvengers","Neutral"
"Iron ManExtended Spot Super Bowlyoutube FILM NEWS","Neutral"
"just earned the Iron Man Levelbadge","Positive"
"thats dope And you coupe too Zach and Miri Iron Manamp edUAUBDedUBUAedUAUBDedUBUDedUAUBCedUBEUedUAUBCedUBFUBEedUAUBDedUBUDedUAUBCedUBFUBE","Neutral"
"just earned the Iron Man Levelbadge","Positive"
"PopularIron ManBluRay DVD NEW SEALED Marvel ComicsEbay","Neutral"
"Iron manCakesDecor","Neutral"
"PopularLot IRON MANampDVD Marvel Comics Trilogy ACTION Robert Downey ChEaP","Neutral"
"Shame have had improving Iron Man","Positive"
"reminded when whittled onGIANT panels for tying together worldbuilding but","Positive"
"IRON MANampDVD ROBERT DOWNEY","Neutral"
"Jeff Bridges Helped Rewrite Iron Man the Last MinuteHollywood Reporter","Neutral"
"Online Deadpooliron Man Marvel Aven USDUA","Neutral"
"PLAY IRON MANon WINDOWSMAC","Neutral"
"Guy Pearce Iron Mana very respectable","Positive"
"For Apple Ipad MIniIron Man Superhero Marvel Comics Stand Case Cover","Neutral"
"liked avideo fromHardcore Iron Man ProgressOldschool Runescape","Positive"
"Iron ManBluRay Digital Code Robert Downey","Neutral"
"Pay attentionthe the Iron Curtain From Planet Hiltronclicking our healsXs","Neutral"
"Iron Manwriter Jodie Foster his scifi thriller Hotel Artemis","Neutral"
"After finishing Iron Manwe watched ALL The Santa ClauseNYC jury duty the real","Positive"
"Iron Manfight","Neutral"
"Hardcore Iron Man ProgressOldschool Runescape","Neutral"
"Remember when you could cracktimes and Robert Downey would his Iron Man any Naked","Neutral"
"Its the Christmas HuhStrops Iron Man","Neutral"
"just earned the Iron Man Levelbadge","Positive"
"just earned the Iron Man Levelbadge","Positive"
"PopularIRON MANBluRayDVD comboMarvel Comics ACTION Tony Stark ChEaP","Neutral"
"Iron manon the its good","Positive"
"Iron sharpens and sharpens anotherProverbsedUAUBDedUBUF","Neutral"
"Nobody likes the immensely entertaining twistandturner was Iron ManNot amused you people","Positive"
"Iron Manis the best MCU movie for Maybe because huge Shane Black but its","Positive"
"Right its merge between Iron Man Iron ManThe Avengers The Winter Soldier and Civil War","Neutral"
"Maybe have headache because watching Iron Man","Negative"
"the first christmasgave Iron Man","Positive"
"First watching Iron Manits surely bad movie but the only thig the antiamerican","Negative"
"KISS KISS BANG BANG IRON MANLETHAL WEAPON THE LONG KISS GOODNIGHTTHE LAST BOY SCOUTTHE NICE GUYSTHE MONSTER SQUAD","Neutral"
"boi disillusion from ways","Negative"
"Nice Toys Marvel Legends IRON MAN battle from CaptainAmerica Civil WarPack","Neutral"
"Picked Incredible Hulk Steelbook Avengers Iron ManThorAntMan CapBvS Ultimate Edition Book Life for only","Neutral"
"Lot ofMarvel IRON MAN Action Figures Loose","Neutral"
"liked avideo Iron ManDisneycember","Positive"
"Goodwin Champions Autograph Green Basketball NBAx Champ Iron Man","Neutral"
"liked avideo Iron ManImagine DragonsReady Aim Fire Hereos Fall Soundtrack","Positive"
"Iron ManSeee","Neutral"
"daysticking hunter and then hybridding the evenings What have become","Neutral"
"Marvel gotdamn they really did climaxes Iron ManGuardians the Galaxy Doctor Strange","Neutral"
"Watch Iron ManAgain this Time Spectacular Digital","Neutral"
"should entering the over competition Cycling from tiny shorts indegrees Hitchen nails","Neutral"
"personally Ant Man and Iron Manare both better films than Avengers Probably Iron Mantoo","Positive"
"liked avideo fromHot Toys Iron ManMark XVSneaky Video Review","Positive"
"predictionThe Dark KnightBatman BeginsIronManThe AvengersThe Winter Solider","Neutral"
"just earned the Iron Man Levelbadge","Positive"
"Iron Man Headphones Buy gtgtgtgtgt","Neutral"
"TonyampPepperIron Man","Neutral"
"Kids Toys Marvel Titan Hero SeriesPack Iron Man Spider Man Captain America Ship Fast","Neutral"
"Lethal Weapon Iron Man","Neutral"
"liked avideo fromIRON MANHot Toys MkDie Cast Figure ReviewVotesaxon","Positive"
"liked avideo fromHot Toys Iron ManMark XVSneaky Video Review","Positive"
"Age Ultron THORIron ManFANTSTIC Ghost Rider","Neutral"
"its wonderful Christmas and","Positive"
"liked avideo fromIRON MANHot Toys Silver Centurion Figure ReviewVotesaxon","Positive"
"calculations Tony Starks armor would have atmph did Iron ManBecause have","Neutral"
"Iron ManMovie Review","Neutral"
"Newswire Jodie Foster nurse for Iron Manwriter Drew Pearce","Neutral"
"Todays ChristmasMovie suggested the funky Iron ManeFlowChristmas","Negative"
"Christmas makes Iron Mana Christmas movie","Neutral"
"PLAY IRON MANon WINDOWSMAC","Neutral"
"liked avideo fromHot Toys Iron ManMark XVSneaky Video Review","Positive"
"IRON MANSTEELBOOK DBlu Ray Marvel Sold Out Sealed Region Free Embossed","Neutral"
"Nice Toys Marvel Titan Hero SeriesPack Iron Man Spider Man CaptainAmerica Ship Fast","Neutral"
"Hot Toys Movie Masterpiece Diecast WAR MACHINE MARKIIFigure Iron Man","Neutral"
"For instance Iron Manis NOT Christmas movie despite bad takes this claiming otherwise","Negative"
"liked avideo fromHot Toys Iron ManMark XVSneaky Video Review","Positive"
"New SFBRP MCU phaseIron ManDark World Winter Soldier Guardians Ultron Ant Man plus all the shows","Positive"
"The Film PubIron ManMarvel Cinematic Universe","Neutral"
"exception for Iron Manand Before You","Neutral"
"What about people who him for Iron Man","Neutral"
"Jodie Foster Hotel Artemis nearfuture scifi thriller from Drew Pearce Iron ManMission Impossi","Neutral"
"Iron Manis very good movie","Positive"
"Imagine DragonsReady Aim Fire From Iron ManMusic VideoUBDUC UACFUC","Neutral"
"Watch Tony Stark Find Himself and Battle The Mandarin Iron Man","Neutral"
"liked avideo fromIron ManMaking Behind the Scenes","Positive"
"Kids Toys Super Hero Iron Spider Man Marvel Legends Action Figure Series UltimatePack","Neutral"
"IRON MANIS COMING BACK NETFLIX CHRISTMAS DAY ITS CHRISTMAS MIRACLE","Neutral"
"Iron ManMovie Review","Neutral"
"watching manand its terrible","Negative"
"postedphotos Facebook the BEAST KINGDOM Iron Man Battle Damage Edition","Neutral"
"Why people Iron Manthough deserve the always gets","Positive"
"HOT TOYS IRON MAN MARK XXXVI PEACEMAKERFIGURE EXCLUSIVE Sealed Brown Box","Neutral"
"Disney Infinitythe housing tutorial with","Neutral"
"Iron ManBlurayDVD Brand NewSealed with Slipcover","Neutral"
"Best Toy Marvel Titan Hero SeriesPack Iron Man Captain America Spiderman Figures New","Neutral"
"Nice Toys Avengers Iron Man Hulk CaptainAmericaScale Marvel Figure Lot Kids","Neutral"
"Coming with new Christmas tradition starting Dec Holiday movies Great Lets with Iron ManedUAUBCedUBEUedUAUBCedUBEUedUAUBDedUBUF","Positive"
"Nice Toys Marvel Titan Hero SeriesPack Iron Man CaptainAmerica SpiderMan Figures New","Neutral"
"AliExpress USOFF LOZ Super Hero The Avengers Captain America Hulk Iron","Neutral"
"Kids Toys Marvel Titan Hero SeriesPack Iron Man Captain America Spiderman Figures New","Neutral"
"watching Iron ManTelfieApp","Neutral"
"submitted prompt for the santa exchange and onlyof the prompts was Iron Man Congratulate","Positive"
"ohhh manis tnt","Neutral"
"Lot Has Changed for Tony StarkSee Why Iron Manon Digital","Neutral"
"Best Toys KOTOBUKIYA Iron Man FINE ART STATUE MARK IIIAvengerS STARK NEWof","Neutral"
"Best Toy Marvel Titan Hero SeriesPack Iron Man Captain America Spiderman Figures New","Neutral"
"Iron ManAllStar Batman and Robin Marville Spiderman One More Day all Death Note after episode","Neutral"
"IronManwriter Drew Pearce Jodie Foster his scifi thriller Hotel Artemis","Neutral"
"WAR MACHINEIRON MAN MARKPACK","Neutral"
"Iron ManTony has attacks but gets Not huge the ending admittedly but theres something about","Positive"
"Watership Down Legally Blonde andIron ManI this assortment out","Neutral"
"the Ellsworth Slater then bypass","Neutral"
"Best Toys Avengers Iron Man Hulk Captain AmericaScale Marvel Figure Lot Gifts","Neutral"
"just you because you tweeted this voted for","Positive"
"just earned the Iron Man Levelbadge","Positive"
"details Like the Iron ManMandarin Boat But they have revealed early","Neutral"
"have sexual relations with the wholecinematic universe Fucking amazing Except Iron Man","Positive"
"jabs thor and ultron","Neutral"
"DISNEY INFINITYMARVEL SUPERHEROESIRON MANPARTqua","Neutral"
"Lets leathal Iron ManAll techically christmas movies","Neutral"
"How anyone could dislike Iron Manis beyond","Neutral"
"when watching Iron ManWow Pepper Potts salty Ironically","Neutral"
"was verbally capwas movie but the turned out manso Trust Bitch","Neutral"
"Iron Manis trending Marvel has the best the all you are brilliant Thank you","Positive"
"Jeremy his Iron ManHot Toys Statue and Sinon from SwordArtOnline She goes well with Asuna and","Positive"
"the","Neutral"
"too Better than Ant Man and Iron Manandimo","Neutral"
"really Iron Man","Neutral"
"Just realized Winter Soldier Civil War and Iron ManWhere does edUAUBDedUBU","Neutral"
"Iron Mana christmas movie Asking for","Neutral"
"added aplaylist Brian TylerIron ManTheme OFFICIAL","Neutral"
"AvengersInfinity War Cast New Iron Man Captain America Replace Original Cast","Neutral"
"Iron Man TStark wonAchievements andChallenges ingames for ofTrueAchievement pointsTrueAchievements","Neutral"
"Topfavorite superheroesSpawnBatmanIron ManWolverineSpider Man Thats from greatest the","Positive"
"topfavorite Christmas MoviesDie HardDie HardLethal WeaponIron ManElf","Neutral"
"Kids Toys Super Hero Iron Spider Man Marvel Legends Action Figure Series UltimatePack","Neutral"
"Top RiffLifeMaster PuppetsThunderstruckHeartbreakerOblivionIron Man","Neutral"
"PLAY IRON MANon WINDOWSMAC","Neutral"
"Iron Manwriter Drew Pearce Jodie Foster his scifi thriller Hotel Artemisthriller writers","Neutral"
"just earned the Iron Man Levelbadge","Positive"
"just earned the Iron Man Levelbadge","Positive"
"VirtuosityMan with the Iron FistsThe Quick and the DeadMaster Commander The Far Side the WorldNoah","Neutral"
"Visually yes structurally Its Iron Man allof his movies arcs inbut sorcery","Positive"
"Iron ManReviewdannychoo","Neutral"
"IRON MANCGCSS STAN LEE APPEARANCE THANOS rtgain teamfollowback followback","Neutral"
"Exciting Story About Finding Ones IdentityIron Man","Neutral"
"Same Iron Manwinds people One favourite Marvel films","Neutral"
"AliExpress USOFF Fashion Boys Iron Coat Kids The avengers Spr","Neutral"
"Iron Manwriter Drew Pearce Jodie Foster his scifi thriller Hotel Artemis","Neutral"
"Only Iron Man","Neutral"
"Iron Manwriter Drew Pearce Jodie Foster his scifi thriller Hotel Artemis","Neutral"
"Check out Spellbound featuring SpiderMan Loki and Iron Man This the first ofnew animated shorts Pop creator Funko","Positive"
"Iron ManMark XXV StrikerScale Figure Hot Toy","Neutral"
"Iron ManMovie Masterpiece StrikerCollectible Figure Mark XXV","Neutral"
"added aplaylist Iron ManTheme Guitar","Neutral"
"Iron ManMark XXV StrikerScale Figure Hot Toy ActionFigures ActionFigure","Neutral"
"Looks Iron Man had with flying saucer and Stargate Wraith","Neutral"
"Iron Man Movie Collection BlurayWalmart","Neutral"
"Just finished seeing DoctorStrange stmovie together besides Iron Man Worth","Positive"
"Isnt Iron Mantechnically Christmas movie too","Neutral"
"Iron ManEveryone hates thisFunnyAirplane sceneIffy about the","Negative"
"still edUAUBDedUBUA Iron","Positive"
"Anyway Are Batman Begins Iron Manand Lethal Weapon Christmas movies too are theylike Die Hardjust movies SET Christmas","Neutral"
"mumbles under Iron Man","Neutral"
"was Iron Man","Neutral"
"the manwas realizing the severity Tonys health issues and her leaving him himself","Negative"
"with you Lex But you are about manLol","Neutral"
"manbut manis favbut the original movie","Positive"
"mygreat ones are solider and GOTG Everyone else has been average the same for","Neutral"
"Best Toys Avengers Initiative IRON MANSonic BlastingInch Figure Hasbro New Box","Neutral"
"See Gremlins Batman Returns and Iron Man","Neutral"
"should probably Iron Managain first was still hyped because avengers and expectations","Positive"
"isIron ManCaptain America Winter SoldierAvengersCivil WarThe Incredibles","Neutral"
"Best Toys Lot New Marvel Avengers Ultron Figures Iron ManNIck FuryUltron","Neutral"
"you Sherlock Holmesand Iron Manbefore Avengers Infinite War","Neutral"
"Good luck Cyndia who competing Iron Man Colombia this Her bib","Positive"
"Top LaserMaxx players the lastgamesiron manptsyodaptschoubacapts","Neutral"
"Wait Iron ManTony the arc reactor the does has gaping his chestdo you","Neutral"
"Justin purchased his Iron Man helmet atin the morning belieber JustinBieber","Neutral"
"Jodie Foster Star Iron ManScreenwriter Drew Pearces Directorial Debut Hotel Artemis","Neutral"
"artscommunity Great EnglishArt Iron Man from","Neutral"
"Christmas Wish List socks shoes neon Budweiser new nudes friends Wests meltdown heighth","Neutral"
"Jodie Foster Star Iron ManScreenwriter Drew Pearces Directorial Debut Hotel Artemis","Neutral"
"Jodie Foster Star Iron ManScreenwriter Drew Pearces Directorial Debut HotelArtemis","Neutral"
"Nice Toys Marvel LegendsCivil War Pack SpiderMan CaptainAmerica Iron Man EXCLUSIVE","Neutral"
"ThePlaylist Jodie Foster Star Iron ManScreenwriter Drew Pearces Directorial Debut Hotel Artemis","Neutral"
"Jodie Foster Star Iron ManScreenwriter Drew Pearces Directorial Debut Hotel Artemis","Neutral"
"Designs The Avengers Thor OdinsonIron ManHulk Commemorative Challenge Coins","Neutral"
"only handful Wonder Woman Power ManIron Fist Black Panther and James Bond More than readyears suppose","Neutral"
"its beenyears since the manpress over seconds AKFJGKGK GWYBERT PARIS PRESS CONFERENCE RIP","Neutral"
"Marvel LegendsInch Action Figure Ultimate War Machine Iron Man Loose Good","Neutral"
"Iron Man Movie Bluray Collectionat Amazon and Walmart","Neutral"
"International Iron Man VolIssueOverview","Neutral"
"Mom you something magical happeningGarry Iron Man","Positive"
"liked avideo Play Doh Iron Man Surprise Egg Marvel Iron ManCosbaby Toys Light Lockers Disney","Positive"
"Funko Wacky Wobblers PackBobble Heads IRON MAN CAPTAIN AMERICA HULK THOR","Neutral"
"Iron Man MarkEgg Attack Iron Man MarkHot Toys Cloud Strife Play Arts Kai WitcherGame the Year Funko Pop","Neutral"
"Its and watching manin underwear and drinking The American still alive","Positive"
"LIVEFREEUCIRON MAN Ver Julyat MUJICA NagoyaUD","Neutral"
"you fine well Iron Manis garbage andDays should Good Ghost World","Positive"
"Iron ManHindi Only Filmywap","Neutral"
"Iron Man Movie Collection rtgain teamfollowback followback","Neutral"
"Deals Movies DVD Bluray New Iron ManMovie Collection Bluray","Neutral"
"CTMNEWS MIAMI NYC HOUSTON Iron Mantrailer","Neutral"
"you tekkenand tekkenguide you tryHARDCORE IRON MAN","Neutral"
"Hot Toys Marvel Iron ManMark XXV StrikerScale Figure MISB Stock Figures","Neutral"
"Good ThorIron ManHulk DrStrange Guardians and the Marvel have","Neutral"
"Hot Toys Iron Man Mark XXVIIDISCO Scale Figure Movie Masterpiece Series","Neutral"
"Hot Toys Marvel Iron ManMark XXV StrikerScale Figure MISB Stock","Neutral"
"Hot Toys Movie Masterpiece Iron ManIron Patriot Limited Scale Figure","Neutral"
"Check out IronManMarkThree Ring Folder Marvel Comics Avengers","Neutral"
"Marvel Legends Captain America Civil WarPack SpiderMan Captain America and Iron Man Review","Neutral"
"expected Iron numbers you likeRTsfavs","Neutral"
"manso was aight Not cared had titties the","Neutral"
"Then gets with the whips from Iron ManCarsCarmageddon","Negative"
"Jodie Foster nurse for Iron Manwriter Drew Pea","Neutral"
"Fuck Iron Man","Neutral"
"Iron Manwas the first","Positive"
"Iron have any powers but makes cool Besides the batmobile does Batman have","Positive"
"Almost with TIHYDP DoomLost Mission the Iron Manof the DSP Doom Trilogy","Neutral"
"AliExpress USOFF LOZ Super Hero The Avengers Captain America Hulk Iron","Neutral"
"just earned the Iron Man Levelbadge","Positive"
"Iron Man Mask Metal KeyRings Handbag Pendant USDUA","Neutral"
"PLAY IRON MANon WINDOWSMAC","Neutral"
"liked avideo fromIron ManMaking Behind the Scenes","Positive"
"OnePlusCase CocomiiÂ HEAVY DUTY Iron Man Case NEW ULTRA WAR ARMOR","Neutral"
"There movie about the Iron Manwith Jodie playing his nurse","Neutral"
"Amazon Iron Manen BluRay","Neutral"
"its marvel marvels assrotten tomatoes rembr ultron and","Positive"
"TheAVClub Jodie Foster nurse for Iron Manwriter Drew Pearce","Neutral"
"Jodie Foster nurse for Iron Manwriter Drew Pearce","Neutral"
"Watching Iron Man","Neutral"
"Iron ManFull Movie WatchDownload","Neutral"
"Newswire Jodie Foster nurse for Iron Manwriter Drew PearceWilliam Hughes","Neutral"
"Photo Frazer HarrisonBAFTA LAGetty ImagesAV Club","Neutral"
"was really full debut DOCTORDrStrange DoctorStrange","Positive"
"PopularIron ManBluRay DVD NEW SEALED Marvel ComicsEbay","Neutral"
"Newswire Jodie Foster nurse for Iron Manwriter Drew Pearce","Neutral"
"Newswire Jodie Foster nurse for Iron Manwriter Drew Pearce","Neutral"
"Newswire Jodie Foster nurse for Iron Manwriter Drew Pearce","Neutral"
"PopularMarvels Comics Iron ManStark Industries Suit Red ShirtDisney Avengers","Neutral"
